Direction	Motif_Name	Beta_Est	OddsRatio	Beta_SE	Beta_Z	Beta_Pval	Beta_Padj	Log10Beta	NLog10Padj
Count_Gain	AC0001:GATA/PROP:GATA	0.19216453412664447	1.2118698945169462	0.09283373433884148	2.0699860400449617	0.03845365175768958	0.06663180979500481	0.08345599678871081	1.176318390644369
Count_Gain	AC0002:PROP/ALX:Homeodomain	0.8336586464501358	2.301724550299338	0.07031330317477719	11.85634309311166	1.9949946798521696e-32	3.92141141758442e-31	0.3620533499442279	30.406557591004216
Count_Gain	AC0003:HNF1A/HNF1B:Homeodomain	0.08137820068743347	1.08478108394696	0.07611620213742776	1.0691311232332004	0.2850105892186673	0.3719329058475969	0.03534210350576777	0.4295353968068189
Count_Gain	AC0004:ZSCAN:C2H2_ZF	-0.253194185408616	0.776317117729396	0.1324355200071045	-1.91182988819792	0.05589801685000493	0.09228307768675356	-0.10996083757295076	1.0348779299714324
Count_Gain	AC0005:POU3F/POU1F:Homeodomain,POU	-0.1404849666225288	0.868936727888415	0.0655264424557166	-2.143943137420743	0.03203744321319647	0.05676493459464953	-0.06101184579452676	1.2459198582097144
Count_Gain	AC0006:MEOX:Homeodomain	0.20925006525244383	1.2327532287371614	0.06967154791560176	3.0033790193081935	0.00266999681095442	0.00583208131581646	0.09087614867703173	2.234176429346429
Count_Gain	AC0007:BARX/NKX:Homeodomain	-0.09446937789026824	0.90985559589734	0.06947715177423784	-1.3597186337926064	0.17391897914912752	0.24750008571221993	-0.04102752952657655	0.606424646329048
Count_Gain	AC0008:VENTX:Homeodomain	-0.25676429890602276	0.7735505189834065	0.08794767177005869	-2.919512179666782	0.0035057969433368	0.00757782225896512	-0.11151131816464284	2.120455585502822
Count_Gain	AC0009:PAX/VSX:Homeodomain	-0.01535015432678308	0.984767058779325	0.12115917442688195	-0.1266941145760836	0.899182504188724	0.930239794629453	-0.00666648732048521	0.03140508578955223
Count_Gain	AC0010:DLX/LHX:Homeodomain	-0.01535015432678308	0.984767058779325	0.12115917442688195	-0.1266941145760836	0.899182504188724	0.930239794629453	-0.00666648732048521	0.03140508578955223
Count_Gain	AC0011:POU6F/NKX:Homeodomain	0.3101511101331799	1.3636311570499495	0.06871001589212643	4.513914108535675	6.364199993679894e-6	2.313920113309048e-5	0.13469691568700776	4.635651638879494
Count_Gain	AC0012:SATB:['Homeo_domain_factors']	-0.5014546819658383	0.6056489919288087	0.108668203544976	-4.614548373925169	3.939510151122083e-6	1.510946271375482e-5	-0.21777900130231365	4.820750978718564
Count_Gain	AC0013:SIX:Homeodomain	0.12489566889126624	1.1330302365992928	0.07115232487401019	1.7553280108895906	0.07920321789398098	0.12400028999733552	0.05424149981309256	0.9065772991595769
Count_Gain	AC0014:BATF/FOSL:bZIP	0.8112018097359912	2.2506111684101735	0.06362516268242624	12.749701148662862	3.129426172970382e-37	6.561363542661233e-36	0.35230046967827255	35.1830058988076
Count_Gain	AC0015:RUNX:Runt	-0.2045280770352611	0.8150318579180391	0.05927053324214367	-3.4507547991795966	5.590212050539371e-4	0.00144108335237264	-0.08882541525069709	2.841310898833072
Count_Gain	AC0016:KLF:C2H2_ZF	0.16316700195450057	1.17723327353065	0.06072007210277413	2.6872003985490314	0.00720537091943544	0.01457292060554628	0.0708625285775367	1.8364534011633151
Count_Gain	AC0017:RUNX:Runt	-0.1109433556114679	0.8949894436230091	0.04893935966659227	-2.266955603164578	0.0233929379793065	0.04315002342810496	-0.04818208714589067	1.365018964150534
Count_Gain	AC0018:ZBTB:C2H2_ZF	0.06399743544316439	1.0660896647104623	0.0588939526349957	1.086655464268094	0.27718910313542855	0.36399153626760866	0.02779373306892588	0.4389087146888804
Count_Gain	AC0019:AIRE:SAND	-0.05780613767398263	0.9438329033441106	0.05290147283132266	-1.0927132002222053	0.27451974221723885	0.36124041392184775	-0.02510488661195033	0.4422036687643434
Count_Gain	AC0020:CENPB:CENPB	-0.12854974023434196	0.8793698212695943	0.05556263366620163	-2.313600557644874	0.0206896430784277	0.03838874777678769	-0.05582844283387114	1.415796054136852
Count_Gain	AC0021:ZNF:C2H2_ZF	-0.20103751566105052	0.8178817476038761	0.03991679831489134	-5.036413844495428	4.743344582607851e-7	2.1011012270847452e-6	-0.0873094837071328	5.67755302360295
Count_Gain	AC0022:ZNF:C2H2_ZF	-0.2687561907435218	0.7643295835605133	0.05169930138486539	-5.198449177152678	2.009580516011844e-7	9.503955974221426e-7	-0.11671933061724932	6.022095584168119
Count_Gain	AC0023:ZNF:C2H2_ZF	0.29049501293512264	1.3370892006835486	0.04910282550510449	5.916054930584884	3.297551222619062e-9	1.9028988247957706e-8	0.12616038113813752	7.72058430209711
Count_Gain	AC0024:ZNF:C2H2_ZF	0.39668356732938054	1.4868853564985482	0.04545631343833724	8.72669905067187	2.6221363727095942e-18	2.795464031244635e-17	0.172277484352847	16.553546091361834
Count_Gain	AC0025:ZNF:C2H2_ZF	0.10607970501030874	1.1119104978123937	0.11034447804277214	0.961350371961429	0.33637602854437665	0.4257153359243721	0.04606983052790182	0.3708807045624381
Count_Gain	AC0026:ZKSCAN:C2H2_ZF	-0.2780358195983795	0.7572696959321514	0.0617289485978895	-4.5041398875840475	6.664229950238346e-6	2.4090808268390343e-5	-0.1207494222230242	4.618148628784839
Count_Gain	AC0027:ZNF:C2H2_ZF	-0.10238866663753896	0.9026786424072102	0.0549939268230188	-1.861817705199443	0.0626287899889545	0.1007506621561442	-0.04446683293011474	0.9967520908958892
Count_Gain	AC0028:KLF:C2H2_ZF	-0.24649466584795784	0.7815355303552314	0.05219774421877978	-4.72232410685812	2.3316471737736635e-6	9.585660603291728e-6	-0.10705127319635402	5.0183779520109315
Count_Gain	AC0029:ZNF:C2H2_ZF	-0.07312147303825152	0.9294879154467856	0.04185437542229692	-1.747044897946268	0.08062955032104013	0.1255346216632036	-0.03175625224915004	0.9012364819624172
Count_Gain	AC0030:ZNF:C2H2_ZF	-0.04582634157411227	0.955207827676078	0.1129326953115338	-0.40578453784084995	0.6849009206312772	0.7544705412908465	-0.01990212727145053	0.12235771281959831
Count_Gain	AC0031:POU3F/POU2F:Homeodomain,POU	-0.4153906292269501	0.6600823828661032	0.0914915581906391	-4.540207178037225	5.619897884657804e-6	2.079362217323387e-5	-0.18040185810758405	4.682069851561905
Count_Gain	AC0032:SIX/ZNF:Homeodomain	0.3462871208228075	1.4138084914045668	0.05562915476229734	6.224921487707082	4.817972187449157e-10	3.0305045059055203e-9	0.1503905857275099	8.518485065922755
Count_Gain	AC0033:PRDM:C2H2_ZF	-0.2606399585454742	0.7705583026094628	0.0556256479158697	-4.685607598489025	2.7913060693861345e-6	1.118300329709477e-5	-0.11319449575979176	4.951441547058073
Count_Gain	AC0034:NR2F/NR1H:Nuclear_receptor	0.16839767596771546	1.183407129660047	0.05980341221657844	2.815853974316084	0.00486477727849404	0.01016592992748424	0.07313418143811067	1.9928528881619216
Count_Gain	AC0035:ZNF:C2H2_ZF	-0.07421966811582886	0.9284677166845364	0.04594085458620766	-1.6155482692764502	0.10619201615907574	0.16017932413443317	-0.03223319231139519	0.7953935431445928
Count_Gain	AC0036:BCL11A/BCL11B:C2H2_ZF	-0.1716230487574476	0.8422966180908991	0.06382224873551057	-2.689078685846381	0.00716495280377214	0.01457292060554628	-0.07453494304277222	1.8364534011633151
Count_Gain	AC0037:ZNF:C2H2_ZF	0.3531816786703932	1.4235897558347377	0.04570504808001498	7.727410723911385	1.0975608385197336e-14	9.457065307245377e-14	0.15338485415587916	13.024243611864806
Count_Gain	AC0038:THAP:['C2CH_THAP-type_zinc_finger_factors']	0.13631306978151753	1.1460406281265187	0.05306936809079941	2.5685828696564035	0.01021152931822215	0.02013495906320292	0.05920001401740596	1.6960492490286454
Count_Gain	AC0039:TFAP2A/TFAP2C:AP-2	0.08776657604932307	1.0917332555937835	0.13971607872286518	0.6281780654853124	0.5298872976735987	0.6183656961719732	0.03811653967376311	0.20875461090157607
Count_Gain	AC0040:ZNF:C2H2_ZF	-0.01497796678436969	0.9851336450259672	0.0398793581195294	-0.37558194240430376	0.707227717405027	0.7756473528426062	-0.0065048483245819504	0.11033568534566564
Count_Gain	AC0041:ZNF:C2H2_ZF	0.02253358582673893	1.022789384814664	0.0377725364392325	0.5965600394082721	0.5508011574983454	0.6356952808558884	0.00978621198204604	0.1967510125837859
Count_Gain	AC0042:ZSCAN:C2H2_ZF	0.1473104666730357	1.1587136491633443	0.04278353123966441	3.4431582060824577	5.749628584688382e-4	0.00147612913459958	0.06397612280269228	2.8308756479392287
Count_Gain	AC0043:TFAP2A/TFAP2C:AP-2	0.10084920809034538	1.106109836772743	0.05524348058880468	1.825540444147592	0.06791951375040507	0.1084298836269157	0.04379825457794977	0.9648510083356904
Count_Gain	AC0044:ZNF:C2H2_ZF	0.06316149965138565	1.0651988545843936	0.03971694798936127	1.5902908669695446	0.11176925633642058	0.1673877672276394	0.02743069076733095	0.7762762836166798
Count_Gain	AC0045:ZNF:C2H2_ZF	-0.06704398951443222	0.9351540634587948	0.0378441664230721	-1.7715805592049754	0.07646420917023314	0.120541322225756	-0.02911683469089738	0.9188640490370118
Count_Gain	AC0046:EBF:['Rel_homology_region_(RHR)_factors']	-0.4320856339235365	0.6491537847193383	0.04721015252217072	-9.152388010621689	5.56886611677185e-20	6.609088278206591e-19	-0.1876524065226604	18.179858447179058
Count_Gain	AC0047:ZNF:C2H2_ZF	-0.03923510767587623	0.961524620750967	0.04273239431670088	-0.9181584206373894	0.3585359333046733	0.449777913854007	-0.01703959076051296	0.347001874215705
Count_Gain	AC0048:ZNF:C2H2_ZF	-0.23134778147580976	0.7934634661489424	0.04325863436077143	-5.348013983668535	8.892459651361952e-8	4.404218205280842e-7	-0.10047306489550352	6.356131172215773
Count_Gain	AC0049:PLAGL:C2H2_ZF	0.4534256770204191	1.573693929299881	0.0765242923701711	5.925251485202401	3.118198174303229e-9	1.8160617144784553e-8	0.1969202694832141	7.7408693971133715
Count_Gain	AC0050:ZNF:C2H2_ZF	-0.00230559072706009	0.9976970651057604	0.03802671544115629	-0.06063081442381838	0.9516532322992268	0.9685920438773684	-0.0010013053302895	0.01385910261794047
Count_Gain	AC0051:PLAG:C2H2_ZF	0.2470864919240172	1.2802898427213747	0.20742714656251315	1.1911965045016504	0.23357645147484551	0.31869758780407337	0.10730829999543308	0.4966212236531729
Count_Gain	AC0052:ZNF:C2H2_ZF	0.18493636624905943	1.2031418772611662	0.04527385484290872	4.08483807908012	4.410756351383339e-5	1.4154927270510818e-4	0.0803168433652053	3.849092357743383
Count_Gain	AC0053:ZNF:C2H2_ZF	0.9943457702045834	2.7029554087342813	0.05917445193732648	16.80363294716656	2.2954377236393786e-63	1.1106387139762839e-61	0.4318388811036894	60.95442719222377
Count_Gain	AC0054:ZFX/ZNF:C2H2_ZF	0.8498802240872451	2.339366635370709	0.0574842509381643	14.78457508303378	1.842161980395136e-49	4.8279995236189184e-48	0.3690982915997896	47.316232781426734
Count_Gain	AC0055:ZNF:C2H2_ZF	0.20314324990934368	1.2252479723376877	0.03956324465370864	5.134645848373337	2.826758101408354e-7	1.2884281491201846e-6	0.08822399247152121	5.8899397954372406
Count_Gain	AC0056:ZNF/SP:C2H2_ZF	-0.4322448382583618	0.6490504448491385	0.04856334685922722	-8.900639396031115	5.552588193267641e-19	6.3501417701188095e-18	-0.1877215480867701	17.197216578756372
Count_Gain	AC0057:ZBTB/ZNF:C2H2_ZF	-0.1344319286805926	0.8742123856417301	0.04426326688319645	-3.037099115059368	0.00238866898709232	0.0053245870848948	-0.05838304481759285	2.273714065580264
Count_Gain	AC0058:ZNF:C2H2_ZF	-0.02033322998322612	0.9798720961349656	0.13777939836896388	-0.1475781591727895	0.8826756927930759	0.919210282726564	-0.00883060958098485	0.03658512606647737
Count_Gain	AC0059:YY/ZFP:C2H2_ZF	1.2837392401660617	3.610113600622165	0.04769838601811739	26.913682984544927	1.5190146929185123e-159	3.1848674728191466e-157	0.5575208682067939	156.49690863460674
Count_Gain	AC0060:YY/MZF:C2H2_ZF	0.9868700904071992	2.6828243201315525	0.049382011758634	19.98440434607555	7.528025454339004e-89	6.764468586827476e-87	0.4285922346192098	86.16976631567738
Count_Gain	AC0061:YY:C2H2_ZF	0.8974873453879771	2.453430735827032	0.04816365661841464	18.63411975752764	1.6992678085742716e-77	1.1875993906591294e-75	0.3897738016799963	74.92533003390645
Count_Gain	AC0062:ZNF:C2H2_ZF	0.3841191136311965	1.468320328232152	0.03990474093061479	9.625901701732426	6.215932449030056e-22	7.666316687137069e-21	0.16682081144359676	20.11541324448222
Count_Gain	AC0063:ZNF:C2H2_ZF	0.22424742399234812	1.251380602712287	0.04866856936781541	4.6076436374693035	4.072578631711601e-6	1.5525163389979373e-5	0.09738941882089566	4.808963820523811
Count_Gain	AC0064:RFX/MXI:RFX	0.09839283391107058	1.1033961514080637	0.05359072352636448	1.836004954526603	0.06635692389635384	0.10642709899094548	0.0427314648264011	0.972947775764912
Count_Gain	AC0065:RFX:RFX	0.13984602282191264	1.150096696578856	0.05343580768672607	2.617084477168886	0.0088684390144927	0.01770872425433621	0.06073435602767287	1.7518127244823485
Count_Gain	AC0066:RFX:RFX	0.20451834550245693	1.226933964359351	0.04593458498165706	4.452382569345662	8.492268578734052e-6	3.035020986377113e-5	0.08882118889969978	4.517838301545473
Count_Gain	AC0067:RFX:RFX	0.05313602308441993	1.054573081647107	0.05239495592379806	1.0141438645677965	0.3105141099181045	0.3969784047530239	0.02307668161584737	0.4012331178003321
Count_Gain	AC0068:HIC:C2H2_ZF	0.15744278472758547	1.1705137848007052	0.07907884186187232	1.9909596678539137	0.04648532149226721	0.07923920655456933	0.06837653262267193	1.101059881829824
Count_Gain	AC0069:ZNF:C2H2_ZF	0.08732532451283966	1.0912516328835178	0.06033970609387901	1.4472282045420524	0.14783301960613007	0.21524761419503663	0.03792490656633703	0.6670616535684901
Count_Gain	AC0070:MYB/MYBL:Myb/SANT	0.7118712664998418	2.0378009617232147	0.05512470223788748	12.91383422676466	3.760969462982577e-38	8.448749257914432e-37	0.3091617628663605	36.07320757869417
Count_Gain	AC0071:MYB:Myb/SANT	0.2537432390499086	1.2888408377819625	0.06652231028381031	3.814408098085293	1.3650972478834045e-4	4.012365275320848e-4	0.110199288539633	3.396599536809384
Count_Gain	AC0072:MYBL:Myb/SANT	-0.2849266453964471	0.7520694200501798	0.06589613925552802	-4.323874639932636	1.5331243607992346e-5	5.327818911285738e-5	-0.12374206984288152	4.273450544942463
Count_Gain	AC0073:MYBL:Myb/SANT	0.03754242643413767	1.0382560456491454	0.07262426797044466	0.5169405142839585	0.6051976846578293	0.6908699521774495	0.01630446863760476	0.1606036955594184
Count_Gain	AC0074:MYBL:Myb/SANT	-0.25575135455250175	0.7743344796009821	0.06938914574023478	-3.685754476787084	2.2802610412436385e-4	6.374596421965549e-4	-0.1110714020214336	3.1955473053664027
Count_Gain	AC0075:OVOL:C2H2_ZF	-0.2978335148740614	0.742424932167671	0.06406337174362556	-4.649045262025199	3.3347503469973e-6	1.3192188479630829e-5	-0.12934745203565493	4.879683152460652
Count_Gain	AC0076:OVOL:C2H2_ZF	0.48595756331926193	1.6257310041198665	0.10480258514766062	4.636885269906048	3.536986047787939e-6	1.3733112494188973e-5	0.2110486881887055	4.8622310224238765
Count_Gain	AC0077:ZIC/GLIS:C2H2_ZF	-0.0054639205761865	0.994550979487904	0.04430611495566545	-0.12332204215273508	0.9018520869443918	0.9314695610640762	-0.00237295055579543	0.03083133258512966
Count_Gain	AC0078:CTCF/CTCFL:C2H2_ZF	0.08299448254300039	1.0865358136170695	0.04259747032116829	1.948342986502588	0.05137393683746296	0.08594203795416011	0.03604404579684082	1.0657943520513231
Count_Gain	AC0079:ZNF:C2H2_ZF	0.21318851790192084	1.23761794239101	0.24560365015712585	0.8680185240143324	0.3853841919483097	0.476382040790851	0.09258659692993684	0.3220446194236217
Count_Gain	AC0080:ZNF:C2H2_ZF	0.02534137371688761	1.025665195907971	0.04294040263187736	0.5901522147832662	0.5550886052805054	0.6394702064495199	0.01100561876909238	0.1941796849241695
Count_Gain	AC0081:NFIA/NFIC:SMAD	0.30508107837126053	1.356735000411024	0.06857712902527434	4.44872922951939	8.63798283099267e-6	3.0696560455900506e-5	0.13249502886973194	4.512910284415588
Count_Gain	AC0082:NFIX/NFIC:SMAD	0.2020579508750242	1.2239189332293912	0.04921340111258988	4.1057505944927115	4.030041211640085e-5	1.3066473825369142e-4	0.08775265308970134	3.883841597178496
Count_Gain	AC0083:ZBTB:C2H2_ZF	0.06240970433119387	1.064398344018196	0.06023601364751609	1.036086230679168	0.30016191537221354	0.3880940755697766	0.02710419020825097	0.4110629869095418
Count_Gain	AC0084:HIC:C2H2_ZF	-0.19072301952696785	0.8263614424388686	0.06287099261148595	-3.0335614502788126	0.00241685483739574	0.0053528228616969	-0.08282995495248827	2.2714171282699325
Count_Gain	AC0085:ZNF:C2H2_ZF	0.28641037430896005	1.3316388134968038	0.08665010684945984	3.305366660499917	9.485222436490506e-4	0.00230355402029055	0.1243864451222262	2.6376015987188732
Count_Gain	AC0086:ZNF:C2H2_ZF	0.09906084757597684	1.104133481360832	0.05134766050719931	1.9292183246028864	0.0537037642113572	0.08960124055422727	0.04302157947490586	1.0476859773677218
Count_Gain	AC0087:E2F:E2F	0.36014227266104903	1.4335333526573737	0.0734088134460682	4.90598139044486	9.296133916341124e-7	3.9508569144449785e-6	0.15640780171678992	5.403308698587913
Count_Gain	AC0088:ZNF:C2H2_ZF	0.2120654796254836	1.2362288302291609	0.04667281139068111	4.543662001638613	5.528528043544528e-6	2.057659254076632e-5	0.092098867603514	4.68662654226871
Count_Gain	AC0089:ZNF:C2H2_ZF	0.155292086215813	1.1679990677141925	0.04228418153515023	3.6725811066419944	2.4011290631418864e-4	6.682788410248879e-4	0.06744249612677161	3.1750422892453125
Count_Gain	AC0091:ZNF:C2H2_ZF	0.14665230485922112	1.1579512789953057	0.04219625932276315	3.475481173282775	5.099377846241263e-4	0.00132541680383708	0.06369028675875317	2.8776475276581093
Count_Gain	AC0092:ZNF:C2H2_ZF	0.1909564302585696	1.2104067138248649	0.04854751274761024	3.9333926590908503	8.375525030104003e-5	2.545026687891506e-4	0.08293132394523992	3.5943076591648473
Count_Gain	AC0093:ZNF:C2H2_ZF	0.00636353450720102	1.006383824809426	0.03769244435937562	0.16882785437124764	0.8659320481862989	0.9047695320750532	0.00276364792187833	0.04346203261229856
Count_Gain	AC0094:ZNF:C2H2_ZF	-0.17412836915276536	0.8401890363807862	0.04351352663497291	-4.00170665580606	6.288723529649149e-5	1.9582213367075815e-4	-0.0756229898658584	3.708138221686076
Count_Gain	AC0095:E2F:E2F	-0.00635038139988079	0.9936697396574216	0.07691066770006592	-0.08256827810474662	0.9341948255237712	0.9554610491942308	-0.00275793559994927	0.01978701291541735
Count_Gain	AC0096:ZNF:C2H2_ZF	0.0726332699179601	1.0753361064958185	0.04074878292447001	1.7824647683978596	0.07467347163560706	0.11801410467034382	0.03154422832795952	0.9280660840970114
Count_Gain	AC0098:ZNF:C2H2_ZF	0.2565772280387222	1.2924985790757515	0.04437363020497838	5.78220052886131	7.3729744597952844e-9	4.178018860550661e-8	0.11143007431924934	7.379029603844798
Count_Gain	AC0099:ZNF:C2H2_ZF	0.11444342111666536	1.1212492002415846	0.04120330761438718	2.7775299543356207	0.00547737911682798	0.01137053288608845	0.04970214628109785	1.9442191813927772
Count_Gain	AC0100:ZNF:C2H2_ZF	-0.05894895433567287	0.9427548914786046	0.6185145663262132	-0.09530730163043948	0.9240707431947248	0.9494355495079309	-0.02560120558194949	0.0225345111197797
Count_Gain	AC0101:ZBTB:C2H2_ZF	-0.14377492735004677	0.8660826576428082	0.09208228462886506	-1.56137445904527	0.11843542453304567	0.1766901678848456	-0.06244065758416622	0.7527876166061963
Count_Gain	AC0102:ZNF:C2H2_ZF	0.06663184358390692	1.068901882640417	0.06303566920563407	1.0570498326358917	0.2904888451034433	0.3772057642873061	0.02893784198753136	0.4234216791928186
Count_Gain	AC0103:ZBTB:['C2H2_zinc_finger_factors']	-0.07490141747819191	0.9278349501293182	0.06342824978685441	-1.180884191663686	0.23764873212245127	0.3228532451512351	-0.03252927229751053	0.4909948439361925
Count_Gain	AC0104:ZNF:C2H2_ZF	0.08470355661097895	1.088394371554246	0.05878335808366543	1.4409445015104734	0.14960036244375904	0.21731784752222735	0.03678628723372786	0.6629046051929302
Count_Gain	AC0105:EGR/ZNF:C2H2_ZF	0.07981786564248085	1.083089781847688	0.05191735781580172	1.5374023062896942	0.12419482196668322	0.18337686154235625	0.03466445860582458	0.7366554644044503
Count_Gain	AC0106:EGR/WT:C2H2_ZF	0.13356802877591906	1.1428990135114383	0.05265993430555198	2.536426042632508	0.01119903950290145	0.02201311202289067	0.05800785785607639	1.6573185563185118
Count_Gain	AC0107:KLF:C2H2_ZF	0.06014222986095249	1.061987582150361	0.04772865329147596	1.2600864619763643	0.20763817344705335	0.28830995827416456	0.02611943855796864	0.5401403567487051
Count_Gain	AC0108:KLF/SP:C2H2_ZF	0.17089408040246157	1.186365083054454	0.05288279249971465	3.231563091215043	0.00123115141735121	0.00291125654704479	0.0742183561087197	2.535919521783246
Count_Gain	AC0109:SP/KLF:C2H2_ZF	0.2122187683067307	1.2364183446411026	0.04515998031007502	4.699266183235812	2.610979615866724e-6	1.0527603707565188e-5	0.09216544003191784	4.977670471645864
Count_Gain	AC0110:ZNF/MAZ:C2H2_ZF	0.20122683066062855	1.2229021320637348	0.05049673018126453	3.9849477369781945	6.749497929980703e-5	2.0810951950773836e-4	0.08739170216679107	3.681708053497536
Count_Gain	AC0111:CTCF/KLF:C2H2_ZF	0.05880776411052987	1.0605713412672535	0.04497288343530185	1.307627165937246	0.19099979810465223	0.2693696704211351	0.02553988744627122	0.5696513050876365
Count_Gain	AC0112:PAX:Homeodomain,Paired_box	0.09192369308029828	1.0962811650502204	0.05568890585500286	1.6506643768444635	0.09880712563430626	0.1497582699372979	0.03992195266094167	0.8246091857068302
Count_Gain	AC0113:ZNF:C2H2_ZF	0.12859955032925072	1.1372346277378789	0.04656027537820625	2.7620014977283636	0.00574482149056168	0.01188648920251085	0.05585007508323309	1.9249463998073264
Count_Gain	AC0114:ZNF/VEZF:C2H2_ZF	0.12852547404077946	1.13715038873763	0.05907012507471181	2.175811780967462	0.02956933741072513	0.05344572767628192	0.05581790415991015	1.2720870055304825
Count_Gain	AC0115:ZNF:C2H2_ZF	0.3955578132457203	1.485212431064533	0.20983750308261992	1.8850672898541696	0.05942075356615062	0.09657791729485464	0.17178857556633334	1.0151221644057993
Count_Gain	AC0116:GLIS:C2H2_ZF	0.00246788431628959	1.002470932049424	0.04437250443000833	0.05561742227514686	0.9556465850187272	0.9695188741560956	0.00107178854054015	0.01344373185391402
Count_Gain	AC0117:GLI/ZIC:C2H2_ZF	0.02524347499500931	1.0255647895111255	0.04867420738187245	0.5186211826103746	0.604024934461827	0.6907848795936167	0.01096310189439526	0.16065717715687233
Count_Gain	AC0118:ZBTB7A:C2H2_ZF	-0.15861371292891446	0.8533259240835577	0.0519653734631896	-3.05229621877481	0.0022709787067112	0.00511987672588296	-0.06888506027921401	2.290740495647862
Count_Gain	AC0119:ZBTB7A/ZBTB7B:C2H2_ZF	-0.04993350409129107	0.9512926794687618	0.05536706479948702	-0.9018629445524392	0.367129677787301	0.4581836653337546	-0.02168584528894115	0.3389603978656684
Count_Gain	AC0120:RREB:C2H2_ZF	0.1080983769468572	1.1141573473933788	0.1742129592765418	0.6204956129312069	0.5349315414228462	0.6219444354065994	0.04694652861071775	0.20624841349924877
Count_Gain	AC0121:ZNF:C2H2_ZF	-0.09364790909453664	0.910603320952344	0.04913478866838725	-1.905938981982202	0.0566581226988713	0.09304950176916464	-0.04067077016153461	1.031285947944088
Count_Gain	AC0122:XPA:Unknown	0.2905623028589825	1.3371791763412502	0.05404807966755753	5.375996791119909	7.616014804544662e-8	3.86328492907951e-7	0.12618960478075752	6.413043260127601
Count_Gain	AC0123:FOXO:Forkhead	-0.05942791898833759	0.942303453329548	0.05175964505520693	-1.148151594257489	0.2509059881201402	0.33710545896302974	-0.02580921728762849	0.4722342146154128
Count_Gain	AC0124:ZNF:C2H2_ZF	0.24945671579833073	1.283328015425011	0.05496766872703407	4.538244418498388	5.6724491060424585e-6	2.0865324489477817e-5	0.10833767514492276	4.680574856919497
Count_Gain	AC0125:ZNF:C2H2_ZF	0.15897987510388853	1.1723143537387368	0.04632582357611533	3.431776552070957	5.99641399386782e-4	0.00152702202515905	0.06904408249128695	2.8161546988073276
Count_Gain	AC0126:ZNF:C2H2_ZF	-0.0023086025234862902	0.9976940602498302	0.05539848693348016	-0.04167266384474283	0.9667596461159672	0.976070332916442	-0.00100261333685802	0.01051888715197679
Count_Gain	AC0127:ZFP:C2H2_ZF	-0.20589262951264936	0.8139204626282166	0.05811442287832828	-3.5428834928588744	3.957775121602432e-4	0.00105933640488848	-0.08941803286189422	2.974966102605837
Count_Gain	AC0128:TFCP:Grainyhead	-0.2467975546895367	0.7812988478098498	0.15144502420615252	-1.629618113788848	0.103182233625396	0.15601352151532233	-0.1071828161488818	0.8068377602031637
Count_Gain	AC0129:THAP:THAP_finger	0.2054852390858766	1.228120852641635	0.04470842981347454	4.596118448873505	4.304340695923469e-6	1.6309821070697962e-5	0.0892411054475666	4.7875508034253755
Count_Gain	AC0130:GCM:GCM	-0.00288712227508442	0.997117041454402	0.05769124494234797	-0.05004437463552026	0.9600870267555692	0.9711658174462608	-0.00125386127264912	0.01270661205518652
Count_Gain	AC0131:ZNF:C2H2_ZF	0.17765627384861693	1.1944146991003834	0.04230335564716564	4.199578759906722	2.6741200350978768e-5	9.043126355250349e-5	0.07715513940794731	4.043681400928726
Count_Gain	AC0132:ZSCAN/KLF:C2H2_ZF	0.05563490751113726	1.0572116332423964	0.05003867343577076	1.1118381781753224	0.2662077334928558	0.352515082877908	0.02416193333328468	0.452822296344894
Count_Gain	AC0133:ZNF:C2H2_ZF	-0.20613989114053585	0.8137192362084683	0.05467653764799621	-3.770170899767836	1.6313579686999318e-4	4.701516071180501e-4	-0.08952541722247175	3.3277620750051855
Count_Gain	AC0134:HSF:HSF	-0.24061342503522512	0.7861454718131186	0.1226914612269389	-1.961126085132928	0.04986431651014061	0.08363908022634252	-0.10449708276464	1.0775907517369627
Count_Gain	AC0135:ZBTB:C2H2_ZF	-0.1356901716353701	0.8731131057921095	0.0569675232103933	-2.3818864501838553	0.01722420762012009	0.03243720536842976	-0.05892949278974636	1.488956569545695
Count_Gain	AC0136:INSM:C2H2_ZF	-0.2730176715668901	0.7610793380456661	0.1349956509896705	-2.022418274702647	0.04313315869939384	0.07412775087955938	-0.1185700682235747	1.13001917666788
Count_Gain	AC0137:ZNF:C2H2_ZF	-0.1425264769222983	0.8671645941387203	0.21354561855408627	-0.6674287109580739	0.5044983317334104	0.5962332273468579	-0.06189846245246533	0.22458382492988
Count_Gain	AC0138:GTF3A:C2H2_ZF	0.0665172712670715	1.0687794230906245	0.04572803057891711	1.4546279475621953	0.145772289582327	0.21273960591017096	0.02888808386255087	0.6721516496035664
Count_Gain	AC0139:ZNF:C2H2_ZF	-0.05101467428039869	0.950264725979072	0.04648440543352025	-1.0974578206309946	0.2724413094605285	0.3592569887854768	-0.02215539153606889	0.44459477458846153
Count_Gain	AC0140:ZNF75A/ZNF75D:C2H2_ZF	-0.0051422475203022	0.994870951201089	0.04651157215753336	-0.11055845420330138	0.9119664941876028	0.9403720079409872	-0.00223324972264792	0.02670030700105433
Count_Gain	AC0141:IKZF:C2H2_ZF	-0.28972392835787997	0.7484701704476897	0.05076730091867521	-5.706900369235552	1.1505208054753088e-8	6.461407023606868e-8	-0.12582550336116033	7.189672900572774
Count_Gain	AC0142:IKZF:C2H2_ZF	-0.36964921225048875	0.6909766742818149	0.05992851473882138	-6.168169090481928	6.908524605176043e-10	4.26025683985856e-9	-0.16053661312027118	8.37056421761773
Count_Gain	AC0143:RBPJ:CSL	-0.2770462171841883	0.758019462775791	0.05543483178280008	-4.997692033587954	5.802054843851601e-7	2.534369789432401e-6	-0.12031964335526284	5.596130017000718
Count_Gain	AC0144:IKZF/NFKB:C2H2_ZF	-0.13563961966974292	0.8731572444914618	0.05523220473006381	-2.4558067224122957	0.01405687373434663	0.02728942462624701	-0.05890753835002512	1.5640056209545157
Count_Gain	AC0145:ZNF:C2H2_ZF	0.13119430317936753	1.140189302196685	0.03928395730783846	3.339640712652691	8.388684120483041e-4	0.00205310595789254	0.05697696192794156	2.6875886367275132
Count_Gain	AC0146:ZNF/ZNF324B:['C2H2_zinc_finger_factors']	0.11864928351650723	1.1259749510563066	0.0415935232298759	2.852590362705401	0.00433644814049554	0.00921495229855302	0.05152872911299354	2.035506908576087
Count_Gain	AC0147:ZNF:C2H2_ZF	0.1200056290419285	1.1275031983242905	0.04465398085156502	2.6874564541253565	0.00719984894135065	0.01457292060554628	0.05211778249023816	1.8364534011633151
Count_Gain	AC0148:ZNF:C2H2_ZF	-0.03570523187626232	0.9649246806045848	0.04013204939648811	-0.8896937089733282	0.37363037292830126	0.46445356634763135	-0.01550658517893681	0.33305769800404145
Count_Gain	AC0149:ZNF:C2H2_ZF	-0.01926348667607383	0.980920868610326	0.03751129125091895	-0.5135383516183788	0.6075747906164328	0.6921881656855455	-0.00836602596563568	0.15977583009447707
Count_Gain	AC0150:ZNF:C2H2_ZF	-0.1807258064713809	0.8346641868413596	0.04440581327900649	-4.069868180002948	4.703974593941109e-5	1.4943434442368474e-4	-0.07848822048803572	3.8255495773563815
Count_Gain	AC0151:ZNF:C2H2_ZF	-0.02642904104371206	0.9739171495281136	0.05506852718244301	-0.47993005071939154	0.6312771323566189	0.7116009251833572	-0.0114779866872787	0.14776349594257354
Count_Gain	AC0152:ZNF:C2H2_ZF	-0.01378631880606683	0.9863082772774938	0.05541712957035756	-0.24877359966043952	0.8035359136234989	0.8581054153975904	-0.00598732218323385	0.0664593572406603
Count_Gain	AC0153:ZNF:C2H2_ZF	-0.0302390876100005	0.9702135397797794	0.04325964633871015	-0.6990137499793097	0.4845434378998654	0.57575022091437	-0.0131326688868122	0.2397658867256532
Count_Gain	AC0154:ZNF:C2H2_ZF	-0.08304911034677707	0.9203059495659732	0.03876701764083005	-2.142262041310818	0.03217240153753679	0.05684393417727708	-0.03606777035057954	1.2453158721176332
Count_Gain	AC0155:ETS/SIX:Ets	0.16696213027523732	1.1817095134469728	0.04676399072838322	3.570313988919263	3.5655357520772234e-4	9.584282000241768e-4	0.07251073186534743	3.018440416433569
Count_Gain	AC0156:ZNF:C2H2_ZF	0.00112043695575051	1.0011210648797308	0.04437834817602934	0.02524737854834606	0.9798576463687532	0.9817602500834304	4.865995872029269e-4	0.00799455577546163
Count_Gain	AC0157:ZFP:['C2H2_zinc_finger_factors']	0.6175580738410755	1.8543942147218624	0.06281707786006503	9.831053829291196	8.27482852998591e-23	1.0843473219502367e-21	0.26820206372398003	20.964831588788
Count_Gain	AC0158:E2F/TFDP:E2F	0.1612698248291725	1.1750019707504866	0.05235275844375076	3.0804456082757357	0.0020669110275664	0.00474484319831849	0.07003859502081364	2.3237781350238813
Count_Gain	AC0159:E2F:E2F	0.1495308504135364	1.1612892965144086	0.06022133340357985	2.483021247826564	0.01302733167910802	0.02536901432247351	0.06494042320889944	1.5956964063544103
Count_Gain	AC0160:BCL11B:C2H2_ZF	-0.17497841032287564	0.8394751445708883	0.16565873506923143	-1.056258278500976	0.2908502316046796	0.3772057642873061	-0.07599215805542789	0.4234216791928186
Count_Gain	AC0161:E2F/ZBTB:E2F	-0.14931495536400785	0.8612978018127561	0.07881296800915741	-1.894548056439883	0.0581523019797168	0.09525468214906736	-0.06484666118021895	1.02111366781479
Count_Gain	AC0162:ZNF:C2H2_ZF	0.03956643242681704	1.0403596102029844	0.03652449739856055	1.0832847881536178	0.2786820351710796	0.3651895835887689	0.01718348327156452	0.4374816184718981
Count_Gain	AC0163:ZNF:C2H2_ZF	0.2126253553653808	1.2369211585509987	0.0479384515368572	4.435382215086882	9.190907318392708e-6	3.24779814790394e-5	0.09234201854790286	4.48841097018689
Count_Gain	AC0164:ZNF:C2H2_ZF	0.01544999843490688	1.015569966700951	0.0503445005585097	0.3068855240097397	0.7589305079338144	0.8216304466271417	0.00670984906569393	0.08532347574334544
Count_Gain	AC0165:ZNF:C2H2_ZF	0.04240153562295599	1.0433133221196047	0.04441900712496541	0.954580896048991	0.3397896818995147	0.42917210826264	0.01841475294527395	0.3673685104275094
Count_Gain	AC0166:ZFP:C2H2_ZF	-0.07775393788106912	0.9251920532542772	0.03945287311520865	-1.9708054633693035	0.04874613156468813	0.08242289450050762	-0.03376810616799653	1.0839521381307042
Count_Gain	AC0167:ZNF:C2H2_ZF	-0.12024134303199024	0.8867064104777357	0.06850597626144525	-1.755194942016487	0.07922596877931912	0.12400028999733552	-0.05222015177542937	0.9065772991595769
Count_Gain	AC0168:ZNF:C2H2_ZF	0.13053496101800774	1.1394377751017908	0.03803184064610462	3.4322546266605074	5.98585270729321e-4	0.00152702202515905	0.05669061326557684	2.8161546988073276
Count_Gain	AC0169:ZNF/PRDM:C2H2_ZF	0.02477818222982028	1.0250877126331506	0.03798573057909403	0.6523023738671303	0.5142061289619013	0.6045526263869831	0.01076102781400415	0.218565887764897
Count_Gain	AC0170:FLI/ZNF:Ets	0.0742302884568837	1.0770548102290372	0.03702457702201634	2.0048922750081197	0.04497456474515629	0.07708174720627604	0.03223780466691123	1.1130484497840405
Count_Gain	AC0171:RBAK/ZNF:C2H2_ZF	-0.06066861052293124	0.9411350703632873	0.03886720285996127	-1.5609204176981952	0.11854252916916508	0.1766901678848456	-0.02634804277484659	0.7527876166061963
Count_Gain	AC0172:ZNF:C2H2_ZF	-0.03211367415192116	0.968396494172043	0.03268627595011921	-0.9824818893693528	0.3258625008869172	0.41324095374570746	-0.01394679147781844	0.383796644789359
Count_Gain	AC0173:ZNF:C2H2_ZF	0.04493009011930297	1.0459547347819391	0.03548467752490399	1.2661828499856018	0.20544762607068665	0.2865333853624432	0.01951289021022909	0.5428247690404849
Count_Gain	AC0174:ZSCAN:C2H2_ZF	-0.1831703840520114	0.8326262774115756	0.04393840117938719	-4.168799481441807	3.062082265155473e-5	1.02449454509723e-4	-0.07954988704188795	3.989490349649784
Count_Gain	AC0175:MZF:C2H2_ZF	-0.04984941021605194	0.9513726807204256	0.06153278831499749	-0.8101276015782638	0.41786684208365055	0.5074097368158613	-0.02164932378296294	0.2946412032458857
Count_Gain	AC0176:MZF:C2H2_ZF	-0.14477751366812358	0.8652147701586891	0.05369496887849767	-2.6962956994300487	0.00701153935307104	0.01431902030221326	-0.06287607528973868	1.8440866951495192
Count_Gain	AC0177:ZNF/MZF:C2H2_ZF	-0.06609723484560229	0.9360398441768012	0.04592133256150117	-1.4393579445256754	0.15004913334547668	0.2174675227518545	-0.0287056643625084	0.6626055926993337
Count_Gain	AC0178:ZNF:C2H2_ZF	-0.14989419127738246	0.860799051654782	0.03990547476474725	-3.7562312479940703	1.724913187915847e-4	4.931683614541216e-4	-0.06509822014111774	3.307004792754795
Count_Gain	AC0179:ZNF:C2H2_ZF	0.01610685083043442	1.0162372654007867	0.04849866731986093	0.33210914279779447	0.7398068466303862	0.8050839213330673	0.00699511643649647	0.09415884674738904
Count_Gain	AC0180:ZSCAN/ZNF:C2H2_ZF	0.24341641112713772	1.2755996874440718	0.04519085777082191	5.386408294385216	7.187957731151878e-8	3.67579301861344e-7	0.1057144041572092	6.434648951422172
Count_Gain	AC0181:ZNF:C2H2_ZF	0.07898038607459311	1.0821830960036305	0.04174247672681452	1.8920867247883668	0.05847942677439632	0.09529419544325204	0.03430074585078421	1.020933552286543
Count_Gain	AC0182:ZNF:C2H2_ZF	-0.13114087802164295	0.8770942023909312	0.04309595364424755	-3.0429974726675444	0.00234234300370436	0.00524318060259802	-0.05695375967674696	2.280405182652313
Count_Gain	AC0183:ZNF:C2H2_ZF	-0.00736086957141523	0.9926661552795532	0.04864855766738941	-0.15130704638237294	0.8797335110692238	0.9176656359246133	-0.00319678503687518	0.03731553113509077
Count_Gain	AC0184:ZNF:C2H2_ZF	-0.22550766766012187	0.7981109407809959	0.05362039141988657	-4.205632627599325	2.6035285448141595e-5	8.851997052368142e-5	-0.09793673569166332	4.052958739360738
Count_Gain	AC0185:ZNF:C2H2_ZF	-0.012992401335995961	0.9870916355694704	0.04160011575302849	-0.3123164707792939	0.7548000237942583	0.8185676120113593	-0.00564252820689548	0.08694544293410839
Count_Gain	AC0186:ZNF:C2H2_ZF	-0.20887963010927188	0.8114929090776155	0.04796962127776836	-4.354414826411766	1.334228429226121e-5	4.688433977559945e-5	-0.09071527073844912	4.328972195339714
Count_Gain	AC0187:IRF:IRF	-0.07267889729142804	0.9298993752994876	0.07942036933535399	-0.9151165865842308	0.36013042830151887	0.4503420266434501	-0.03156404404448039	0.3464575220851094
Count_Gain	AC0188:IRF/STAT:IRF	0.1393546276535706	1.1495316834527605	0.04548718644559288	3.06360183038035	0.00218689763379778	0.00498390801325655	0.06052094581762801	2.3024299819395275
Count_Gain	AC0189:IRF:IRF	0.31572678754453654	1.371255560343955	0.05156219840215933	6.123221998449827	9.170178625235313e-10	5.600041121624284e-9	0.13711840161963254	8.251808783917202
Count_Gain	AC0190:IRF/ZBED:IRF	-0.13586709513843329	0.8729586452271174	0.05387754576005275	-2.5217758756779025	0.0116764076951595	0.02287993906621598	-0.0590063296908457	1.6405451364892143
Count_Gain	AC0191:IRF:IRF	-0.28595408776497194	0.7512971088844951	0.05080633788764976	-5.628315278249626	1.8197824320536903e-8	9.700365675947213e-8	-0.12418828239400548	7.013211893769565
Count_Gain	AC0192:PRDM:C2H2_ZF	-0.29738974414391334	0.7427544717364987	0.04960574391048115	-5.995066714060065	2.034019219216512e-9	1.1956991484926976e-8	-0.12915472485632146	7.922378080034609
Count_Gain	AC0193:ZNF:C2H2_ZF	-0.07229262200387879	0.9302586418314976	0.04927829976852157	-1.4670275221236124	0.14236856860240815	0.2087408616571439	-0.03139628681860216	0.6803925281497364
Count_Gain	AC0194:ZNF:C2H2_ZF	-0.2733193197235253	0.7608497944887275	0.04817713667651926	-5.673216354859392	1.4014105333882762e-8	7.732344083344085e-8	-0.11870107235347764	7.111688828444214
Count_Gain	AC0195:ZNF:C2H2_ZF	0.00402540870094675	1.004033521540731	0.04426027053568849	0.09094857876435576	0.9275334498370406	0.9501930618037436	0.00174821278622651	0.02218814507167505
Count_Gain	AC0196:NFKB/RELA:Rel	-0.10940956177691286	0.8963632261939274	0.05087283206278068	-2.1506481424484822	0.03150398236881766	0.05613599124642013	-0.04751596894716619	1.2507586042010546
Count_Gain	AC0197:ZBTB:C2H2_ZF	-0.2063214940048036	0.8135714758817184	0.05858752054346949	-3.5215945664012476	4.289596399334299e-4	0.00112893562141475	-0.08960428634432106	2.947330823408521
Count_Gain	AC0198:ZBTB:C2H2_ZF	-0.1357524172048687	0.8730587600610109	0.05624446777986723	-2.413613686170597	0.01579519944747908	0.03010660743171014	-0.05895652569710253	1.521338180279281
Count_Gain	AC0199:HSF:HSF	-0.1518245200743697	0.8591390291670197	0.05039242772870178	-3.0128439314682134	0.0025881198086422	0.00569205370502079	-0.06593655128590824	2.2447310109622873
Count_Gain	AC0200:ZNF:C2H2_ZF	-0.07744181009537401	0.9254808764737332	0.04542547784892336	-1.7048100264994677	0.0882298609334517	0.13535751835888077	-0.03363255079302047	0.8685176165754708
Count_Gain	AC0201:TEAD:TEA	-0.22918414422413627	0.7951820918329661	0.0562968478453591	-4.070994256262419	4.681290385079923e-5	1.4943434442368474e-4	-0.0995334091762614	3.8255495773563815
Count_Gain	AC0202:ZNF:C2H2_ZF	0.5394380099872013	1.715042754401264	0.04725166195697087	11.416275907468265	3.4677734570943675e-30	5.740077643453571e-29	0.23427495106631271	28.241082233055792
Count_Gain	AC0203:ZNF:C2H2_ZF	0.00111822735356332	1.0011188528028805	0.04313808443022948	0.02592204471600773	0.979319516812649	0.9817602500834304	4.8563996916582887e-4	0.00799455577546163
Count_Gain	AC0204:ZNF33B:C2H2_ZF	0.03928121457081574	1.0400629233776937	0.04187546024248779	0.9380485454571824	0.34821946283417643	0.43806008424539394	0.01705961473056289	0.3584663176543474
Count_Gain	AC0205:NFATC/STAT:Rel	0.03663257947652042	1.037311821159811	0.05177115757799849	0.7075866407145666	0.47920199137128766	0.5708675238116288	0.01590932712453513	0.2434646629498495
Count_Gain	AC0206:NFATC:Rel	0.06048037322443526	1.0623467469245365	0.05343802776606431	1.1317852801229908	0.25772471771118527	0.3441801431854257	0.02626629235482141	0.4632141890745744
Count_Gain	AC0207:NFAT/NFATC:Rel	0.05877076049387216	1.0605320970179972	0.05060260923794495	1.1614175904945674	0.2454721188495444	0.33204723173411493	0.0255238169797463	0.4788001361075941
Count_Gain	AC0208:NFATC/ZNF:Rel	0.3028529766186099	1.3537154219919187	0.05018930745283324	6.034213102127862	1.5973915186322955e-9	9.569135859235371e-9	0.1315273765734368	8.019127279413388
Count_Gain	AC0209:ZNF:C2H2_ZF	-0.31125433440237393	0.7325275452197538	0.10512575167363108	-2.9607810593229416	0.003068599932337	0.0066556874394482	-0.13517603989942045	2.176807081325236
Count_Gain	AC0210:BCL/BCL6B:C2H2_ZF	0.23291552651231048	1.2622748460648132	0.04511154646096078	5.163102238445183	2.4289038864565066e-7	1.1401347347620466e-6	0.10115392791388698	5.943043823131879
Count_Gain	AC0211:ZNF:C2H2_ZF	0.06315166295022061	1.0651883765931145	0.037937502192112	1.6646236389108178	0.09598786618258348	0.14654458210884713	0.02742641874229484	0.8340302332045718
Count_Gain	AC0212:STAT/STAT5A:STAT	1.0336495373821957	2.8113071057565273	0.06081067861735051	16.997829343204774	8.521745653718964e-65	4.4668150134910233e-63	0.4489082903069366	62.35000203281663
Count_Gain	AC0213:STAT/STAT5A:STAT	0.8548616060252516	2.351048987045024	0.05154216815857806	16.585674149273807	8.846738100007125e-62	3.7097321766029884e-60	0.3712616782877184	59.430657443059346
Count_Gain	AC0214:OSR:C2H2_ZF	0.4434222986634639	1.5580301494845392	0.05233899308988098	8.472121309288111	2.4096399750630934e-17	2.4058151497058503e-16	0.19257585746239805	15.618737744638226
Count_Gain	AC0215:ZNF:C2H2_ZF	0.31773555601899456	1.3740128637488984	0.04610096824945032	6.892166652547108	5.494894471097526e-12	4.214986124780907e-11	0.13799079868351088	10.375203850681231
Count_Gain	AC0216:ZNF:C2H2_ZF	0.29049460298366636	1.337088652541996	0.04370426506109471	6.646825031323155	2.994826791707743e-11	2.1652253471082419e-10	0.1261602030984822	9.664496897503382
Count_Gain	AC0217:ZNF:C2H2_ZF	-0.5056934498798553	0.6030872196294221	0.1651643658109181	-3.0617587964390487	0.00220040685975348	0.0049902040334392	-0.2196198748174398	2.301881697105018
Count_Gain	AC0218:ZSCAN:C2H2_ZF	0.05726185617185637	1.0589330622517945	0.04562569347077021	1.2550353061162958	0.2094659435068004	0.2889343826003892	0.02486850815897488	0.5392007749258335
Count_Gain	AC0219:HMBOX:Homeodomain	-0.18361834454310577	0.8322533772639507	0.07934756448524415	-2.3141018345591733	0.02066213681648852	0.03838874777678769	-0.07974443381128091	1.415796054136852
Count_Gain	AC0220:ZNF:C2H2_ZF	0.02368034796483785	1.0239629537300083	0.05393788922556294	0.43902993433445214	0.6606398464064391	0.7367774173575358	0.01028424445067797	0.13266369397748115
Count_Gain	AC0221:EN:Homeodomain	0.12075989796079135	1.128353959753822	0.08797985348939377	1.3725858042642605	0.16988114751352185	0.2423021355691729	0.05244535731957143	0.6156427581207673
Count_Gain	AC0222:MYNN:C2H2_ZF	-0.27133131595465787	0.7623638712442051	0.05267832844661818	-5.150719925170227	2.594884492015949e-7	1.2028441857152586e-6	-0.11783769328665564	5.919790626747233
Count_Gain	AC0223:ZNF:C2H2_ZF	0.17295637966692723	1.1888142474795806	0.05696436709559651	3.0362205091592633	0.0023956409300878	0.0053245870848948	0.07511400129931027	2.273714065580264
Count_Gain	AC0224:ZNF:C2H2_ZF	0.05512496621539062	1.0566726548076226	0.03766955986898462	1.4633822748955976	0.14336280604477966	0.2097097790748056	0.02394046864244733	0.6783813172733173
Count_Gain	AC0225:ZNF33A:C2H2_ZF	0.3741576249087315	1.4537662821754898	0.05745550226537534	6.512128693620554	7.409319542869295e-11	5.065719557026941e-10	0.16249459185988877	9.295358856828724
Count_Gain	AC0226:ZKSCAN:['C2H2_zinc_finger_factors']	0.5746459700221713	1.7765014807901591	0.04752512698178592	12.091413669287098	1.1725164181943112e-33	2.3790736356265216e-32	0.24956557382857045	31.62359211573854
Count_Gain	AC0227:SPI/BCL11A:Ets	0.3687834410922764	1.4459744311224103	0.0399657251546894	9.22749279951461	2.770404589129211e-20	3.351124012619758e-19	0.16016061348366856	18.47480950024593
Count_Gain	AC0228:CTCF:C2H2_ZF	0.15343404833785929	1.165830896101222	0.04273111607405019	3.5906866572819736	3.298079408683712e-4	8.941775638198513e-4	0.06663556052920909	3.048576231394264
Count_Gain	AC0229:ZFP:C2H2_ZF	-0.04063399527347399	0.9601804962429572	0.09197865027517076	-0.44177638127880814	0.6586510314155796	0.7358641185797506	-0.01764711992495257	0.13320237316137443
Count_Gain	AC0230:MECP:MBD	0.522556434798357	1.6863331447282044	0.12515197719540094	4.175374984148151	2.9749559675780065e-5	1.0006670072762386e-4	0.2269433761159628	3.9997104189861297
Count_Gain	AC0231:PAX:Homeodomain,Paired_box	-0.03564605466536553	0.964981783845497	0.05404214870734651	-0.6595972868954374	0.5095122958002656	0.6001558690231593	-0.01548088484278991	0.2217359425072374
Count_Gain	AC0232:SMAD:['SMAD/NF-1_DNA-binding_domain_factors']	-0.380242806571546	0.6836953833250763	0.06010435512273062	-6.326376945482667	2.5098427494998557e-10	1.610909274934091e-9	-0.16513735267742796	8.79292891799481
Count_Gain	AC0233:HINFP:['C2H2_zinc_finger_factors']	0.423962505589254	1.5280043010890991	0.08255213874128442	5.135693781574067	2.811050562396139e-7	1.2884281491201846e-6	0.1841245767112895	5.8899397954372406
Count_Gain	AC0234:HINFP:C2H2_ZF	0.3202662397919024	1.377494459357594	0.06038372728264014	5.303850129900418	1.1338541240291903e-7	5.528637550498919e-7	0.13908986068152684	6.257381880847655
Count_Gain	AC0235:HINFP:C2H2_ZF	1.1701312690549597	3.222415614218449	1.6762297705192235	0.6980733128803122	0.4851313467164008	0.57575022091437	0.5081815532530183	0.2397658867256532
Count_Gain	AC0236:BATF/IRF:bZIP	0.3900895035258426	1.4771129947874322	0.04860573626526367	8.025585733275312	1.0104266040364923e-15	9.485945282670952e-15	0.16941371882965253	14.02291938479722
Count_Gain	AC0237:ZNF:C2H2_ZF	-0.01183465291682071	0.98823510114514	0.06109033701205706	-0.1937238112548794	0.8463921463427407	0.8889222570324625	-0.00513972445701545	0.05113621970267149
Count_Gain	AC0238:ZNF:C2H2_ZF	0.1826475172737646	1.2003912163328398	0.05570458365430316	3.278859750703031	0.00104227421386987	0.00251184092154847	0.07932280888532484	2.6000078685500188
Count_Gain	AC0239:BACH/NFE:bZIP	0.5221129318998782	1.6855854169126994	0.04930758252412657	10.58889739005972	3.355205582840977e-26	5.024819789540416e-25	0.22675076525444535	24.29887950919337
Count_Gain	AC0240:ZNF:C2H2_ZF	0.28083624188390993	1.32423673166601	0.04975438468941495	5.644452114863693	1.657080927322945e-8	8.98537847660459e-8	0.12196563016862896	7.046463625083766
Count_Gain	AC0241:NFE2L/JUN:bZIP	0.8475550983565949	2.3339336324684683	0.05430393778723831	15.607617658912655	6.4604652455716764e-55	1.9350631616498024e-53	0.368088502325237	52.71330485477515
Count_Gain	AC0242:FOSL/JUND:bZIP	1.2298077219759365	3.420571772273377	0.06084009723027314	20.21376983211003	7.406885528763483e-91	7.764884995987053e-89	0.5340987074561576	88.10986497212835
Count_Gain	AC0243:ZSCAN5C:C2H2_ZF	0.20705068487240916	1.2300449148703814	0.05021507530093375	4.123277394917279	3.7351942512579093e-05	1.2300718241053534e-4	0.08992096991437638	3.910069529290742
Count_Gain	AC0244:MAFG/MAFF:bZIP	0.2101270301259679	1.2338347841902422	0.04902261908331807	4.286328108435808	1.816506368048306e-5	6.24362024864691e-5	0.0912570096824262	4.204563519596258
Count_Gain	AC0245:ZBTB:C2H2_ZF	0.11127165131933614	1.1176984898876237	0.05182832084691825	2.146927577453099	0.03179904773627459	0.05650169781388903	0.04832466416025037	1.2479385019128642
Count_Gain	AC0246:MAFF/MAF:bZIP	0.5592654163857541	1.749386957190731	0.05737202824623575	9.748050286551411	1.8804499445721217e-22	2.4138837043589067e-21	0.24288588425565744	20.61728365709361
Count_Gain	AC0247:ZNF:C2H2_ZF	0.3886910253187871	1.4750487282072071	0.04877247262300818	7.969475493342611	1.5934922431056509e-15	1.4526182911789196e-14	0.16880636746126634	13.837848491561063
Count_Gain	AC0248:ZNF:C2H2_ZF	0.36367844413180667	1.4386115457905688	0.04562655611675229	7.970762535774163	1.5769827145592142e-15	1.4526182911789196e-14	0.15794354147360368	13.837848491561063
Count_Gain	AC0249:ZNF:C2H2_ZF	0.17636929259844664	1.1928784985204215	0.06859392166577598	2.5712087647912356	0.01013442146581192	0.02004575818237641	0.0765962105526854	1.697977512963209
Count_Gain	AC0250:MECOM/ZSCAN:C2H2_ZF	-0.3278777501575273	0.7204510893541242	0.07208888858788144	-4.548242545837299	5.409576861782142e-6	2.025371336941052e-5	-0.14239549763226714	4.693495340449448
Count_Gain	AC0251:MECOM:C2H2_ZF	0.11706170345506864	1.1241887938832418	0.10600477184640296	1.1043059799674566	0.2694604296706369	0.3560727106361987	0.05083925185273114	0.44846130932000416
Count_Gain	AC0252:GATA/GATA1::TAL:GATA	0.5237692008973244	1.6883795130299302	0.07938132448593758	6.598141367496459	4.163441816012375e-11	2.975914661672482e-10	0.2274700737405837	9.526379526921902
Count_Gain	AC0253:GATA:GATA	-0.07064139914885834	0.9317959750525456	0.06822586546715267	-1.0354049547802162	0.30047983275434215	0.3880940755697766	-0.03067916984427424	0.4110629869095418
Count_Gain	AC0254:GATA/TRPS:GATA	0.8251899280673503	2.282314199692359	0.08040998113828289	10.262282323487332	1.0421402224218011e-24	1.4566804442295842e-23	0.3583754322817915	22.836635710089343
Count_Gain	AC0255:GATA:GATA	1.4759275397881206	4.375091963372656	0.16797907070302326	8.786377574367407	1.5445984214744078e-18	1.7044779072059692e-17	0.6409871862190228	16.76840862355842
Count_Gain	AC0256:GFI:C2H2_ZF	0.11469945586465878	1.1215363157522116	0.09075144817124424	1.2638856809009331	0.2062710620002886	0.287045349553499	0.04981334075932688	0.5420494847817794
Count_Gain	AC0257:FOXG/FOXK:Forkhead	-0.19143466769972992	0.825773573031221	0.06340489624969152	-3.019241084250829	0.00253408791252208	0.0055927764806189	-0.08313901982697539	2.252372537219862
Count_Gain	AC0258:SOX:Sox	-0.2378074299455394	0.7883544899444077	0.06646108556012391	-3.57814543565358	3.460408940252212e-4	9.341618984629362e-4	-0.10327845458094188	3.0295778501982578
Count_Gain	AC0259:SOX:Sox	-0.09649949238240184	0.90801035852167	0.05099343969196999	-1.8923903342334791	0.05843899291707907	0.09529419544325204	-0.041909197048142	1.020933552286543
Count_Gain	AC0260:SOX:Sox	-0.6507003932954504	0.5216802674141442	0.0674918397410009	-9.64117137408767	5.357311143932045e-22	6.7394974190665135e-21	-0.2825955901804898	20.1713724886671
Count_Gain	AC0261:SOX/SRY:Sox	-0.19335859826129784	0.8241863693415614	0.07378879938870568	-2.6204329093731515	0.00878182077996917	0.01759160914204017	-0.08397457225342936	1.7546944328821972
Count_Gain	AC0262:SOX/SRY:Sox	0.14496920719525294	1.156003973115325	0.06617717490012488	2.190622482963977	0.02847912279054201	0.0516235395828557	0.06295932673078754	1.2871522212450508
Count_Gain	AC0263:SOX/SRY:Sox	0.13723248545652203	1.147094800381198	0.0758025744355992	1.810393465898877	0.07023479185910644	0.1118422381756404	0.05959931117163577	0.9513941504538656
Count_Gain	AC0264:FOXD:Forkhead	-0.24798314244759473	0.7803730983475539	0.07012619435291834	-3.536241268128573	4.058638432868153e-4	0.00107716606509454	-0.10769771037001843	2.967717337004242
Count_Gain	AC0265:FOXJ:Forkhead	-0.6513539802654765	0.5213394153891973	0.2069429196462574	-3.1475055120459463	0.00164670001240992	0.00383620114002164	-0.28287943939501603	2.4160986299394933
Count_Gain	AC0266:ZNF:C2H2_ZF	0.05579427562272859	1.0573801324902854	0.0521829136940701	1.0692058314303918	0.28497693165343907	0.3719329058475969	0.02423114602474014	0.4295353968068189
Count_Gain	AC0267:SOX/SRY:Sox	-0.25303767980637926	0.7764386252154861	0.08148972899839745	-3.105148132365926	0.0019018375195314	0.00439799926391636	-0.1098928680535124	2.3567448476621515
Count_Gain	AC0268:ZNF:C2H2_ZF	-0.1142265204679722	0.8920558640825186	0.04667459892014226	-2.447295169336273	0.01439329106867812	0.02785655409907244	-0.04960794752624917	1.5550726075213934
Count_Gain	AC0269:CUX:CUT,Homeodomain	0.17604748968594647	1.1924946885042418	0.13277295449339457	1.3259288411383872	0.18486326874765252	0.2618896307258411	0.07645645332352619	0.5818816967168057
Count_Gain	AC0270:BBX:Sox	-0.15734759604415602	0.8544070186958924	0.06601356340320347	-2.3835646484207267	0.01714587260511345	0.03238664825410319	-0.06833519270271889	1.4896339954930224
Count_Gain	AC0271:SOX/SRY:Sox	0.01627837063629689	1.0164115851684774	0.0685096259208654	0.23760705765785145	0.8121858760512739	0.8644076413472949	0.00706960654171966	0.06328140261677376
Count_Gain	AC0272:HSFY:HSF	-0.5463542283557585	0.5790570766109706	0.06245859161818474	-8.74746314639423	2.182025985429572e-18	2.366369560060691e-17	-0.23727862653941503	16.625917429884833
Count_Gain	AC0273:MTF:C2H2_ZF	0.053185235397321	1.054624980904609	0.05623745630518228	0.9457261919654067	0.3442882597061692	0.4339825959021652	0.02309805425178201	0.3625276867437342
Count_Gain	AC0274:PAX:Homeodomain,Paired_box	-0.13972593041807485	0.869596532700454	0.06668713207892193	-2.095245755248764	0.03614915178830779	0.06316060131901556	-0.06068220055936763	1.1995537439536863
Count_Gain	AC0275:ZNF33A:C2H2_ZF	-0.3704747773990056	0.6904064634265803	0.05508228958474579	-6.725842011868784	1.7457990866621395e-11	1.2918913241299834e-10	-0.1608951515087237	9.88877401831908
Count_Gain	AC0276:ZNF:C2H2_ZF	0.3692377517015624	1.4466315018930354	0.04918723510003601	7.506779979614915	6.059945030734874e-14	5.015401874121363e-13	0.16035791807435154	12.29969426210105
Count_Gain	AC0277:ZNF:C2H2_ZF	0.1284336737376955	1.1370460027786964	0.04682173821892777	2.7430351504074646	0.00608741688564256	0.01255404990514483	0.05577803579484373	1.9012161492645705
Count_Gain	AC0278:ZFP:C2H2_ZF	-0.2470848026602664	0.7810744535312265	0.06073204675331103	-4.0684418831445965	4.732856218701956e-5	1.4959630962630804e-4	-0.1073075663575076	3.8250791198986898
Count_Gain	AC0279:ZNF:C2H2_ZF	-0.04696645614182278	0.9541194018994956	0.04439931565652155	-1.057819370576811	0.29013779992105465	0.3772057642873061	-0.02039727273694472	0.4234216791928186
Count_Gain	AC0280:ZNF:['C2H2_zinc_finger_factors']	-0.1045902985355142	0.900693462434119	0.04763358245573128	-2.195726064331109	0.02811155642602523	0.05110453465887246	-0.04542298951458757	1.291540561901517
Count_Gain	AC0281:ZKSCAN:C2H2_ZF	-0.08782327006493297	0.9159227333856432	0.04879503180418821	-1.7998404103385557	0.07188584110354665	0.11418230821750214	-0.038141161571899423	0.9424011818934293
Count_Gain	AC0282:SMAD:SMAD	-0.30083964315956035	0.7401964587958305	0.07499527706698172	-4.011447852787672	6.034750778447613e-5	1.8884866863898257e-4	-0.1306529969619404	3.723886072550946
Count_Gain	AC0283:ZSCAN:C2H2_ZF,MADF	-0.02294290498049826	0.977318282186737	0.05968943030867411	-0.3843713176998471	0.700703255958955	0.7705285804164033	-0.00996397703186102	0.11321124781261832
Count_Gain	AC0284:ZNF:C2H2_ZF	-0.6382128538083749	0.5282356152497989	0.1172363322253651	-5.44381457261499	5.2151508622788874e-8	2.711016439978034e-7	-0.27717232068870395	6.566867848789823
Count_Gain	AC0285:ZFP:C2H2_ZF	-0.2630292278260943	0.7687194289850261	0.04651629922226792	-5.6545604922108454	1.5624556352346367e-8	8.545952996196405e-8	-0.114232142224146	7.0682395001858795
Count_Gain	AC0286:ZNF33A:C2H2_ZF	-0.1595245936470961	0.8525489998493557	0.493436046499129	-0.3232933523582325	0.7464730879759212	0.8109353580947399	-0.06928065074879237	0.09101376322612828
Count_Gain	AC0287:ZNF:['C2H2_zinc_finger_factors']	-0.14854528285633076	0.8619609742317851	0.04773317273761822	-3.1119926528425195	0.00185829123888322	0.00431315567991715	-0.06451239665726216	2.3652048660579044
Count_Gain	AC0288:ZNF:C2H2_ZF	0.35672668250396966	1.428645342719571	0.0665669851393269	5.358913007060916	8.372415466585308e-8	4.179562959112824e-7	0.1549244297591273	6.378869128361061
Count_Gain	AC0289:ZNF:['C2H2_zinc_finger_factors']	-0.17379358026149114	0.8404703694276986	0.07115181914674966	-2.442573954476754	0.01458294143416767	0.02805097908896473	-0.0754775928977755	1.5520519755659734
Count_Gain	AC0290:FOXP:Forkhead	0.17157018119733397	1.187167456642262	0.1702548432434443	1.0077257006545703	0.3135861633235557	0.4000926911369505	0.0745119829531432	0.3978393822073169
Count_Gain	AC0291:ZFP/ZNF:C2H2_ZF	-0.2222161691139881	0.8007422498816447	0.06637687413502036	-3.347795026652921	8.145723411014653e-4	0.00201718898642843	-0.09650725603588482	2.695253411693955
Count_Gain	AC0292:ZBTB:C2H2_ZF	-0.21919455006259783	0.8031654470648415	0.08448351858989309	-2.5945243962509448	0.00947218909763972	0.01879497458175201	-0.0951949835554523	1.725958257287881
Count_Gain	AC0293:ZNF:C2H2_ZF	-0.12811045563760648	0.8797561997457553	0.06653312907068973	-1.925513761745557	0.05416511598157737	0.0898940843071561	-0.05563766395752383	1.0462688871020491
Count_Gain	AC0294:ZNF:C2H2_ZF	0.271756012882437	1.3122667860578945	0.3421803010858374	0.7941895311333712	0.42708510214016526	0.5166087100887768	0.1180221368188714	0.2868382758405883
Count_Gain	AC0295:ZNF:C2H2_ZF	0.01792162409363767	1.01808318007079	0.04246466901166651	0.4220361187488353	0.6729986541957724	0.7439651203675586	0.0077832624506112	0.12844742518932342
Count_Gain	AC0296:ZNF:C2H2_ZF	-0.08844003370520805	0.915357999717888	0.10207434846230865	-0.8664276092623299	0.3862557087493386	0.476382040790851	-0.03840901861750945	0.3220446194236217
Count_Gain	AC0297:ZNF:C2H2_ZF	-0.0964585939412722	0.90804749548928	0.05496041876252851	-1.755055658473926	0.0792497878838297	0.12400028999733552	-0.04189143508084095	0.9065772991595769
Count_Gain	AC0298:PRDM:C2H2_ZF	0.2574363712537704	1.2936094976111518	0.21302381598035575	1.2084863378727109	0.22686024778820868	0.31156134466983243	0.1118031954767094	0.5064564304538168
Count_Gain	AC0299:HMX:Homeodomain	-0.00437888871891355	0.9956306846356436	0.4070126290166487	-0.01075860650686207	0.9914160395682308	0.9914160395682308	-0.00190172720749255	0.0037440591653588
Count_Gain	AC0300:ZNF:C2H2_ZF	-0.14020995316009818	0.8691757300494842	0.2049996392368744	-0.6839521946577058	0.4940053534906389	0.5851777162817549	-0.06089240896534404	0.23271222027764335
Count_Gain	AC0301:ZNF:C2H2_ZF	0.13361687212779488	1.1429548378934276	0.12006860831110516	1.112837685114042	0.2657781470795754	0.352515082877908	0.05802907025427372	0.452822296344894
Count_Gain	AC0302:ZNF:C2H2_ZF	0.0090081641930033	1.0090488598098806	0.05137578377367521	0.17533872052807614	0.860813488429301	0.9009179437970556	0.00391219600109979	0.04531476304867957
Count_Gain	AC0303:ZNF:C2H2_ZF	-0.3340792052646437	0.7159970692439012	0.19188447627053393	-1.7410434223643625	0.0816759674431002	0.1265373978367242	-0.14508875536505852	0.8977811007822878
Count_Gain	AC0304:ZFP:C2H2_ZF	-0.03038760041175051	0.9700694613477016	0.04811562871337696	-0.6315536391048392	0.5276785887745874	0.6169327738647128	-0.01319716717710423	0.2097621577337819
Count_Gain	AC0305:ZNF:C2H2_ZF	-0.4452096362953631	0.6406899500854015	0.12288316648751282	-3.623031933675021	2.9116985893741493e-4	7.962862663984086e-4	-0.1933520883332299	3.0989307745146366
Count_Gain	AC0306:TOPORS:Unknown	-0.17431337754184786	0.8400336087387927	1.3237903116771323	-0.13167748396723594	0.8952393956110511	0.9292171284477742	-0.07570333798834274	0.03188279335975835
Count_Gain	AC0307:ZNF:C2H2_ZF	0.27203800550807583	1.3126368877949617	0.36935037637401336	0.7365310093324594	0.46140760330782193	0.5517592822825476	0.11814460466012376	0.2582503519403341
Count_Gain	AC0308:ZNF:C2H2_ZF	-0.04282881278394331	0.958075386287753	0.19347831624819709	-0.2213623397931674	0.8248103135420224	0.8734102478416365	-0.01860031705853402	0.05878171674835812
Count_Gain	AC0309:ZNF:C2H2_ZF	-0.5664354719170304	0.5675448670236877	0.644979236565604	-0.8782228013000779	0.37982282048127136	0.4712200277765674	-0.24599979980783063	0.3267762594603322
Count_Gain	AC0310:ZNF:C2H2_ZF	-0.2652711773636414	0.7669979292954958	0.04060484982325365	-6.532992450860525	6.446839457378809e-11	4.505624465212523e-10	-0.11520580853700826	9.346245008680208
Count_Gain	AC0311:CTCF:C2H2_ZF	-0.4271007285301181	0.6523978338432426	0.34116568354371013	-1.2518865440796831	0.21061120857322777	0.28987844681085395	-0.18548748961748904	0.5377840743279645
Count_Gain	AC0312:ZNF:C2H2_ZF	0.510915635468834	1.6668166929233637	1.8619094098153932	0.2744041320031198	0.7837740679618985	0.8441676177192367	0.22188784120220792	0.0735713114040467
Count_Gain	AC0313:ZNF:C2H2_ZF	0.9986488622206549	2.71461153527996	0.7048646791540787	1.4167951548078022	0.15654282671268538	0.22480693607826277	0.4337076902213911	0.6481902933963702
Count_Gain	AC0314:ZNF:C2H2_ZF	-0.07691103283390387	0.9259722310672782	0.9888466931046294	-0.07777852054339221	0.9380042328029192	0.9577997766770068	-0.03340203715724427	0.01872526855458775
Count_Gain	AC0315:ZNF:C2H2_ZF	-0.4221719259371008	0.6556213113949412	0.5422729601751332	-0.7785229154718606	0.4362608027041403	0.5246807741891094	-0.18334693784895115	0.28010484930758034
Count_Gain	AC0316:ZNF:C2H2_ZF	-0.32589384053390064	0.721881817952497	0.6545836584179805	-0.4978643086225704	0.6185796852753208	0.7010569766453636	-0.14153389663013133	0.1542466844054923
Count_Gain	AC0317:ZNF:C2H2_ZF	0.1368764681531026	1.146686487471143	0.04802500257094092	2.850108502355898	0.00437043171764831	0.00925589747609693	0.05944469482129863	2.033581464537288
Count_Gain	AC0318:ZBTB:C2H2_ZF	0.685839062819931	1.985437043236824	0.05805826136669186	11.81294524974181	3.3463019865190047e-32	6.378254392486226e-31	0.2978561204563937	30.19529816319752
Count_Gain	AC0319:ZBTB:C2H2_ZF	0.20076910102455575	1.2223425016053666	0.10115098962097722	1.984845642903322	0.04716164758441659	0.0801748008935082	0.08719291271164106	1.0959621099272183
Count_Gain	AC0320:ZNF:C2H2_ZF	0.04386420355939986	1.044840459638813	0.18202575362416193	0.24097800825463725	0.8095721612011229	0.8630862532127225	0.01904998155892833	0.06394580055071482
Count_Gain	AC0321:LEF/TCF:Sox	-0.2036822010732057	0.8157215654373429	0.0540368683054728	-3.769319123413689	1.6369348483124478e-4	4.701516071180501e-4	-0.08845805598800183	3.3277620750051855
Count_Gain	AC0322:ZNF:C2H2_ZF	-0.08420368767182466	0.9192439983548618	0.07007352878862688	-1.2016475997065976	0.22950009110279537	0.3145001248445714	-0.03656919691177832	0.5023791778203094
Count_Gain	AC0323:ZNF:C2H2_ZF	0.3442914506020886	1.4109898094158215	0.0720661326869302	4.777437580808728	1.7754313686751234e-6	7.3470153348464e-6	0.14952387716295307	5.133889053686014
Count_Gain	AC0324:MBD:MBD	0.06093238810137299	1.0628270520029552	0.16258196111578072	0.3747795123345865	0.7078244523555739	0.7756473528426062	0.02646259992161364	0.11033568534566564
Count_Gain	AC0325:ZNF705G/ZNF:C2H2_ZF	0.16051601296035964	1.1741165740722448	0.09398939372803036	1.7078098559166377	0.08767162970668124	0.13482996353423596	0.06971121868579504	0.8702135829378093
Count_Gain	AC0326:ZNF:C2H2_ZF	0.22643132821398443	1.2541164844578865	0.04718504928286756	4.798793932725625	1.5962391995436288e-6	6.649234811343989e-6	0.09833787637335752	5.177228330085104
Count_Gain	AC0327:ZBTB:C2H2_ZF	-0.04390908707999277	0.9570409609064412	0.07179772316110916	-0.6115665671105447	0.5408245636185045	0.626480019366555	-0.01906947422425023	0.20309277561512437
Count_Gain	AC0328:ATF/ATF6B:bZIP	0.2860374070065668	1.3311422483678064	0.05585444604764442	5.121121544425916	3.037237930354168e-7	1.3645876129948368e-6	0.1242244674808665	5.864998575334001
Count_Gain	AC0329:ZNF/ZNF354C:C2H2_ZF	0.2154564762922975	1.2404279937227944	0.05509272934357789	3.91079692110794	9.199209550524635e-5	2.781876349653844e-4	0.0935715587440636	3.555662177671241
Count_Gain	AC0330:LIN28B:CSD	-0.02985124429757862	0.9705899035931804	0.06545342089694274	-0.456068512363621	0.6483407119662783	0.7256339996917954	-0.0129642306763843	0.13928237653699227
Count_Gain	AC0331:YBX:CSD	0.3712325461329246	1.4495201144935446	0.05733305575441451	6.475017618511299	9.480087880437947e-11	6.411801372898353e-10	0.16122424628842352	9.193019939841026
Count_Gain	AC0332:ZNF:C2H2_ZF	-0.18213328218714153	0.8334902436096577	0.08433595975300018	-2.159615930388014	0.03080241415776999	0.05504181393533331	-0.07909947942480339	1.2593072621067614
Count_Gain	AC0333:ZNF:C2H2_ZF	-0.02672143940125861	0.9736324193825472	0.06169965280148064	-0.4330889751881613	0.6649501318283433	0.7402719166726158	-0.01160497368047874	0.13060872591897132
Count_Gain	AC0334:ZNF:C2H2_ZF	0.08835714623332054	1.0923781911245187	0.07702897424795972	1.1470637782205813	0.2513552627244212	0.33710545896302974	0.03837302104584979	0.4722342146154128
Count_Gain	AC0335:NRF:Unknown	0.1602049352044867	1.1737513893266196	0.0655561645439461	2.443781394457451	0.01453423027944692	0.02804303940420893	0.06957611933297657	1.5521749177759685
Count_Gain	AC0336:ZNF:C2H2_ZF	-0.28237177104265015	0.753993319537969	0.05482630927378088	-5.15029690641034	2.600744185330289e-7	1.2028441857152586e-6	-0.1226325020090714	5.919790626747233
Count_Gain	AC0337:ZNF:C2H2_ZF	-0.01122384102563914	0.988838911284636	0.05068896418869544	-0.22142573250968625	0.824760958004882	0.8734102478416365	-0.00487445222319441	0.05878171674835812
Count_Gain	AC0338:ARID5B:ARID/BRIGHT	-0.4216229046760156	0.6559813602623152	0.07861930561695632	-5.362841879197182	8.192271535516378e-8	4.122351036671842e-7	-0.18310850094481432	6.384855028859984
Count_Gain	AC0339:ZNF:['C2H2_zinc_finger_factors']	-0.12135163139932063	0.885722457002074	0.06352790144622235	-1.910209980760143	0.0561061825988359	0.09238426401745492	-0.05270234388668234	1.0344019966628135
Count_Gain	AC0340:ZNF:C2H2_ZF	-0.03603027069829523	0.9646110935897884	0.04419502709391496	-0.8152562192513305	0.41492566353459615	0.5067732861422544	-0.01564774774575004	0.2951862864223517
Count_Gain	AC0341:ZNF:C2H2_ZF	0.04586291619538076	1.0469308838508091	0.05925833589584411	0.7739487702792072	0.4389610870941853	0.5264052327786437	0.01991801142764514	0.2786798022292175
Count_Gain	AC0342:ZNF:C2H2_ZF	-0.18479416493102233	0.8312753718670727	0.4326593740616191	-0.4271123567629071	0.6692974931581471	0.7424950681714857	-0.0802550861174624	0.12930642668822187
Count_Gain	AC0343:ZNF:C2H2_ZF	-0.01203526978060611	0.9880368644039472	0.04035405402578609	-0.29824190087359304	0.7655185438144493	0.8273387698613206	-0.00522685125393419	0.08231662375395198
Count_Gain	AC0344:ZNF:C2H2_ZF	1.0986623036726215	3.0001500487658492	2.581996631124896	0.42550880602581126	0.6704658035375584	0.7424950681714857	0.4771429759601342	0.12930642668822187
Count_Gain	AC0345:ZNF:C2H2_ZF	-0.28064846024715456	0.7552938046133969	0.08350709221202969	-3.360773951206093	7.772440873228691e-4	0.00194775510329117	-0.12188407763998337	2.7104656490874337
Count_Gain	AC0346:ZNF:C2H2_ZF	1.6094979245375942	5.0003000695212805	2.5298300212807963	0.6362079313624168	0.5246409042900859	0.6145235173155755	0.6989960672614135	0.21146149236263517
Count_Gain	AC0347:ZNF:C2H2_ZF	-0.16331709842041064	0.8493218271000299	0.04084102088790705	-3.998849560314701	6.365112039509932e-5	1.972244075296427e-4	-0.07092771464443462	3.7050393399044017
Count_Gain	AC0348:TP:p53	0.16733829165091585	1.1821541105380875	0.04762450664409316	3.513701315616058	4.419094095425762e-4	0.00115817091084283	0.07267409667510974	2.936227347207074
Count_Gain	AC0349:IRX:Homeodomain	0.21671539637550405	1.241990576813105	0.07469358938447977	2.901392183202998	0.00371508598725229	0.00794826219721665	0.0941183007893574	2.0997278148226455
Count_Gain	AC0350:TFCP/TFCP2L:Grainyhead	0.16840784262819156	1.183419161019699	0.05501613222792241	3.0610629247891636	0.00220552737884912	0.0049902040334392	0.07313859676265481	2.301881697105018
Count_Gain	AC0351:GRHL/TFCP:Grainyhead	0.6935293919174005	2.000764568819046	0.06269912307527535	11.061229534020155	1.9342760192168034e-28	3.1196400412496647e-27	0.3011959879474447	26.505895514032066
Count_Gain	AC0352:ZNF:C2H2_ZF	-0.09329600391243936	0.9109238233697452	0.04841452569647302	-1.9270250523023489	0.0539765078981885	0.08981805150254119	-0.0405179396827966	1.046636370681378
Count_Gain	AC0353:PRDM:C2H2_ZF	-0.12223231388599216	0.8849427601292255	0.04656963986311557	-2.6247210467007176	0.00867199823053682	0.01742711465497655	-0.05308481943095262	1.75877451152174
Count_Gain	AC0354:PRDM/ZEB:['C2H2_zinc_finger_factors']	-0.18248147577683277	0.8332000781695673	0.05559038179699879	-3.282608787311559	0.00102851291978859	0.00248821010210395	-0.07925069797944038	2.604112951018234
Count_Gain	AC0355:DMRTC:DM	-0.05739309423953726	0.9442228278503856	0.07342677660219182	-0.781637120617168	0.43442786492855706	0.5234772548660199	-0.02492550412758433	0.2811021837096402
Count_Gain	AC0356:DMRT/DMRTA:DM	-0.01810092363603771	0.9820619140975124	0.07220582536840014	-0.250685087299886	0.8020575912109645	0.8579833756321371	-0.00786113125248332	0.06652112700114769
Count_Gain	AC0357:FOXP:Forkhead	-0.4148763637272241	0.6604219277632181	0.08089647554379345	-5.1284850290249056	2.920831208561212e-7	1.321728654809354e-6	-0.18017851543881985	5.87885769448318
Count_Gain	AC0359:SRF/MEF2B:MADS_box	0.13677077057531156	1.146565291892084	0.06049369262843697	2.26090960284706	0.02376485536310653	0.04370787726138599	0.05939879094651345	1.3594402851610634
Count_Gain	AC0360:MYRF:Ndt80/PhoG	-0.03174459839577776	0.968753971804482	0.06714067752142876	-0.4728072394808064	0.636350708661376	0.7147582066928669	-0.0137865039135211	0.14584084946984693
Count_Gain	AC0361:MEF2A/MEF2C:MADS_box	0.2198003495250048	1.2458279756090898	0.06558578201384986	3.351341445903461	8.042107684074649e-4	0.00199940147560591	0.09545807891911562	2.699099991707961
Count_Gain	AC0362:DPF/ZBTB:C2H2_ZF	-0.6614964718760928	0.5160784594426319	0.08752359029687684	-7.557922037159591	4.0955939033958135e-14	3.481254817886442e-13	-0.28728426753425673	12.458264186439454
Count_Gain	AC0363:ZBTB:C2H2_ZF	0.21433291116452316	1.2390350747496592	0.07375061559143417	2.90618470701168	0.00365865409096377	0.00785424376524305	0.09308360060901227	2.1048956240412706
Count_Gain	AC0364:ZSCAN:C2H2_ZF	-0.03845925115505964	0.9622709153692393	0.13513948165377554	-0.28458930494932205	0.7759588059913781	0.8371836860524474	-0.01670264055477366	0.07717924321728793
Count_Gain	AC0365:ZIM/ZNF:C2H2_ZF	-0.06707298864468714	0.9351269451975048	0.04693457259509857	-1.4290742396510423	0.1529828966315671	0.2207023898652654	-0.02912942885314709	0.656192964075872
Count_Gain	AC0366:ZNF:C2H2_ZF	-0.16016783602358442	0.8520007805424674	0.05622859225549782	-2.848512288833335	0.00439241569955429	0.00927123984905924	-0.06956000736342759	2.032862183482371
Count_Gain	AC0367:ZNF:C2H2_ZF	-0.09736663394189896	0.9072233262868382	0.04409625614192047	-2.208047631720294	0.02724095297130052	0.04966538962013921	-0.04228579184246058	1.3039461531810197
Count_Gain	AC0368:ZNF:C2H2_ZF	-0.16428020009603075	0.8485042375993155	0.04008357972275506	-4.098441337632589	4.1594162285340834e-5	1.3416783629476608e-4	-0.0713459843876682	3.872351583972431
Count_Gain	AC0369:ZNF:C2H2_ZF	0.11430629182170704	1.1210954546710346	0.05564904392741625	2.05405670528317	0.03997020373255908	0.06888015930898538	0.04964259178499016	1.1619058570983438
Count_Gain	AC0370:ZNF/ZNF280A:C2H2_ZF	-0.05057751697879113	0.9506802319566128	0.04215423959397821	-1.1998204087167592	0.2302090962048914	0.31478591633234065	-0.02196553653225701	0.5019847064145422
Count_Gain	AC0371:REST:C2H2_ZF	-0.02179996407333137	0.9784359378162724	0.04310217508890211	-0.5057741060252061	0.613015238283939	0.6960046658494542	-0.00946760410273695	0.15738784897294472
Count_Gain	AC0372:ZNF:C2H2_ZF	-0.7756777633327607	0.46039163866020527	0.5091233804104685	-1.5235555725360506	0.12761976847607276	0.18799258634999944	-0.33687257235047446	0.7258592771765922
Count_Gain	AC0373:ZBTB:C2H2_ZF	0.1990713436051102	1.2202690211855922	0.23971618587540527	0.8304459829365857	0.4062866764975759	0.4971873920563721	0.08645558603276556	0.30347989296235434
Count_Gain	AC0374:CDC5L:Myb/SANT	0.10626485069263596	1.1121163822989215	0.0910497392474448	1.1671076882915747	0.24316688340649673	0.3296378656523415	0.04615023827608475	0.481962906503696
Count_Gain	AC0375:ZBTB/BANP:C2H2_ZF	-0.08350915299888233	0.9198826669476812	0.08475919886111478	-0.9852517971025097	0.3245004035588676	0.41234495724955095	-0.03626756433582898	0.3847393122493529
Count_Gain	AC0376:ZBED:BED_ZF	0.3435656348820406	1.409966062402101	0.07927855391383481	4.333651636172004	1.466561823806584e-5	5.1248188176352296e-5	0.1492086594008576	4.290321484007263
Count_Gain	AC0377:ZNF385D:C2H2_ZF	0.1868878963800842	1.205492137442411	0.07825522056078908	2.3881843925659716	0.01693184418531013	0.03207870479686769	0.08116438213237728	1.4937831750178254
Count_Gain	AC0378:FOXH:Forkhead	0.03050128761112143	1.0309712175379318	0.05955659488907888	0.5121395484064951	0.6085533475740964	0.6921881656855455	0.01324654090045405	0.15977583009447707
Count_Gain	AC0379:FOXK/FOXC:Forkhead	0.161664008838291	1.175465229036545	0.05606631923086729	2.8834425205014522	0.00393354426863965	0.00838711642364183	0.0702097869608283	2.076387328391355
Count_Gain	AC0381:SRY:Sox	-0.19514502469585832	0.8227153353625699	0.06497598619172922	-3.003340712983258	0.00267033293951532	0.00583208131581646	-0.08475040739628507	2.234176429346429
Count_Gain	AC0382:FOXA/FOXB:Forkhead	0.15356959293893538	1.1659889288949603	0.07081644115729586	2.1685584650862375	0.03011622140316443	0.0541231521788298	0.06669442680150821	1.266616917654498
Count_Gain	AC0383:FOXJ:Forkhead	-0.00348981868566656	0.9965162636540849	0.07021142961114887	-0.04970442426531105	0.9603579307656188	0.9711658174462608	-0.00151560899802784	0.01270661205518652
Count_Gain	AC0384:FOXO/FOXJ:Forkhead	0.1779412930883829	1.1947551787892126	0.05463045965018252	3.2571809614599943	0.00112524671760086	0.0026809855506475	0.07727892169101394	2.571705526670222
Count_Gain	AC0385:FOXC/TBP:Forkhead	0.37963275416183984	1.4617476701012788	0.0965139287305451	3.9334504268469614	8.373511464495108e-5	2.545026687891506e-4	0.16487241028222077	3.5943076591648473
Count_Gain	AC0386:FOXR:Forkhead	-0.24024635869118452	0.7864340923255385	0.08485998480601156	-2.8310912291627615	0.00463894874486224	0.0097588587308306	-0.10433766787693076	2.010600968796803
Count_Gain	AC0387:FOXA/FOXO:Forkhead	-0.00632241471089012	0.993697529698586	0.06427428509942243	-0.09836616153894703	0.921641543516742	0.9487930128838477	-0.00274578982124352	0.02282852220616445
Count_Gain	AC0388:ZKSCAN:C2H2_ZF,MADF	0.00624932756749697	1.0062688953556225	0.04510645113166222	0.13854620371830348	0.8898087563884127	0.9251069549889448	0.0027140484781698	0.03380805398931065
Count_Gain	AC0389:FOXN:Forkhead	0.081148836351331	1.0845323023857234	0.06820352152815662	1.1898041997410669	0.2341233585411887	0.3187523647671162	0.03524249184025306	0.49654658459249834
Count_Gain	AC0390:CREB/JUND:bZIP	1.1456985388305398	3.1446372410155043	0.06543533979259393	17.508865124900165	1.2261422292752907e-68	7.712434622141581e-67	0.4975705533387219	66.1128085044321
Count_Gain	AC0391:FOXN:Forkhead	0.7881005040948205	2.1992150562715858	0.1170345935510248	6.733910719749917	1.651625455303541e-11	1.2367528706975323e-10	0.3422677001135516	9.907717072896952
Count_Gain	AC0393:IRX:Homeodomain	0.07495977703807895	1.0778407960634109	0.07295351614683286	1.0275005372901849	0.30418483257070544	0.3912725146972878	0.03255461753233577	0.4075206584487816
Count_Gain	AC0394:PAX:Homeodomain,Paired_box	-0.4048848231559939	0.6670536355667032	0.06321155634893896	-6.405234209405605	1.5013872477565706e-10	9.940763987777714e-10	-0.1758392445030221	9.002580237038718
Count_Gain	AC0395:SOX:Sox	0.19707345956008987	1.2178334989331816	0.170263638837608	1.1574606351979368	0.247084213258673	0.33351066553584835	0.08558791601653068	0.47689027296392333
Count_Gain	AC0396:POU2F:Homeodomain,POU	-0.6680645190163238	0.51269993907902	0.08057676128391261	-8.291032158296797	1.122699232240731e-16	1.0864274108914152e-15	-0.29013673416413943	14.963999285544512
Count_Gain	AC0397:POU2F/POU3F:Homeodomain,POU	-0.4225906165711162	0.6553468663501933	0.08054633344753191	-5.246553114008508	1.5497118591094661e-7	7.384611813483745e-7	-0.18352877288092864	6.131672329288111
Count_Gain	AC0398:POU6F:Homeodomain	-0.1676596023777566	0.8456416401013005	0.08113720293119474	-2.0663714833740796	0.03879341642648311	0.06703587618752165	-0.072813640150753	1.1736927098325691
Count_Gain	AC0399:FOXL:['Fork_head/winged_helix_factors']	-0.44892135358861296	0.638316298005913	0.09282054842375684	-4.836443666968405	1.3218271081734953e-6	5.580062087524352e-6	-0.19496406667207317	5.253360968782993
Count_Gain	AC0400:GMEB:SAND	0.4803416878574845	1.6166266895424817	0.09631551143756983	4.9871685327532544	6.127061465053019e-7	2.6578770079436884e-6	0.2086097444645997	5.5754651197090235
Count_Gain	AC0401:GMEB:SAND	0.6729847006833096	1.9600788473700357	0.14855992457932762	4.530055481577409	5.8968199095114115e-6	2.15645332737365e-5	0.29227354191207294	4.666259936953888
Count_Gain	AC0402:CEBPB/CEBPE:bZIP	1.5863271359008042	4.88577116009596	0.05889264799268487	26.935911187043992	8.342257333583133e-160	2.6236399314118955e-157	0.688933121615109	156.5810957678219
Count_Gain	AC0403:DBP/HLF:bZIP	2.39312007809912	10.947598072585723	0.07022550979363515	34.0776462161905	1.5814395635607371e-254	9.947254854797038e-252	1.0393188444503267	251.00229675502356
Count_Gain	AC0404:TIGD:CENPB	0.4872249187640916	1.627792689327798	0.06847724675866766	7.115135929474559	1.1180259334128969e-12	8.790478901458899e-12	0.2115990936650051	11.055987464107636
Count_Gain	AC0405:ZNF:C2H2_ZF	-1.098582279665401	0.3333433364843278	2.5819966311248925	-0.42547781295391707	0.6704883922438853	0.7424950681714857	-0.4771082219753786	0.12930642668822187
Count_Gain	AC0406:ZNF:C2H2_ZF	0.21700839878190883	1.242354536358751	0.05265373189381109	4.121424844483169	3.7653631130222127e-5	1.2335486448390476e-4	0.09424555011764336	3.908843719487085
Count_Gain	AC0407:RXRG/RARB:Nuclear_receptor	0.2657305950725939	1.304383603977099	0.06152856868888846	4.318816457704835	1.5686816953953897e-5	5.421432892328023e-5	0.11540533111289496	4.265885913648521
Count_Gain	AC0408:RORC/RORA:Nuclear_receptor	0.5285763807484614	1.6965153966663271	0.05101062097847089	10.36208480919195	3.688337712775492e-25	5.2726464121267824e-24	0.22955780542344895	23.27797135182633
Count_Gain	AC0409:NR2E:Nuclear_receptor	0.303539687083384	1.3546453517982473	0.05742020914907957	5.286286685151332	1.2482421959196788e-7	6.039571855642137e-7	0.13182561113895344	6.218993847359427
Count_Gain	AC0410:RARA/RARG:Nuclear_receptor	0.14625718969940804	1.1574938452661012	0.04376791367802836	3.3416532205607425	8.328103726086684e-4	0.00204643304335542	0.06351869042513003	2.6890024603404665
Count_Gain	AC0411:NR1I/VDR:Nuclear_receptor	0.17672955230590842	1.1933083219987275	0.04683823878316975	3.773189532681834	1.6117375211379512e-4	4.672803643045285e-4	0.07675266935568814	3.330422468180396
Count_Gain	AC0412:NR1I/NR1H:Nuclear_receptor	0.2737993300096255	1.314950904576075	0.04402988893671893	6.218487864076559	5.019687630238077e-10	3.126122296455198e-9	0.11890953817198777	8.50499403602997
Count_Gain	AC0413:THRB/RARA:Nuclear_receptor	0.33521276920542764	1.3982378555326045	0.04542464616030068	7.379535066106693	1.588432424324773e-13	1.2647139175952936e-12	0.14558105592942552	11.89800770220427
Count_Gain	AC0414:NR4A/NR2C:Nuclear_receptor	0.8341144141898501	2.3027738411933796	0.052102734183021	16.009033446495547	1.1051326293939484e-57	3.4756421194439676e-56	0.36225128735861534	55.4589649484352
Count_Gain	AC0415:RARA/ESRRA:Nuclear_receptor	0.22045442404786025	1.246643106496909	0.04427003884941246	4.979765768847661	6.366127481032668e-7	2.741882173951777e-6	0.09574213987514524	5.5619512119469565
Count_Gain	AC0416:RXRA/NR2C:Nuclear_receptor	0.393841801159891	1.4826659740831591	0.04466105108801472	8.818462431252154	1.1604212589530515e-18	1.303401735502624e-17	0.17104332098657837	16.884921705069196
Count_Gain	AC0417:NR2E:Nuclear_receptor	0.7709439837097467	2.161806000537733	0.04603983597101654	16.745150529968853	6.143487593197262e-63	2.7601812115150555e-61	0.3348167179816534	60.559062404682024
Count_Gain	AC0418:ZNF:C2H2_ZF	-8.958625506698712e-4	0.9991045386143798	0.03609599461734276	-0.02481889085387449	0.9801994229767794	0.9817602500834304	-3.890681622996974e-4	0.00799455577546163
Count_Gain	AC0419:ESR/ESRRA:Nuclear_receptor	0.16427119554214903	1.1785338848936655	0.05306629493259094	3.0955844147555327	0.00196425452459619	0.00452569998524178	0.07134207375960537	2.344314239394237
Count_Gain	AC0420:THRA/THRB:Nuclear_receptor	0.03039308518376935	1.0308596699846309	0.06244201247677206	0.4867409613851787	0.6264419134836043	0.7074182470039266	0.01319954918332651	0.15032374227230863
Count_Gain	AC0421:THRB:Nuclear_receptor	0.11926326286014316	1.126666488690894	0.06075623494898559	1.9629798153273224	0.04964851946180919	0.08349978273122455	0.0517953769539372	1.0783146545613445
Count_Gain	AC0422:ESRRA/NR5A:Nuclear_receptor	0.3245398284123559	1.383393900918272	0.04861566113485009	6.675623057190307	2.461839894533683e-11	1.8005782484438218e-10	0.14094585663731435	9.744588000574865
Count_Gain	AC0423:NR2E:Nuclear_receptor	0.30456878869634324	1.3560401370795665	0.04352335429629384	6.997824354780447	2.599677090058006e-12	2.0187615921561552e-11	0.13227254429077936	10.694914966506866
Count_Gain	AC0424:NR4A:Nuclear_receptor	-0.10772286972693852	0.8978763906839585	0.1087291910522156	-0.990744699601473	0.3218102584065253	0.40975435736377414	-0.04678344789719224	0.3874764194072965
Count_Gain	AC0425:NR2E:Nuclear_receptor	0.2108681879005446	1.234749589398708	0.05620086773688205	3.752045055385533	1.753979318080083e-4	4.969608067893569e-4	0.09157889041414456	3.3036778608970416
Count_Gain	AC0426:HNF4A/ZNF:Nuclear_receptor	0.15564406160974817	1.1684102470044184	0.05066047139344074	3.072297934241097	0.00212417594599836	0.0048585697092108	0.06759535709812338	2.313491561770531
Count_Gain	AC0427:NR6A:Nuclear_receptor	0.21687504838387944	1.2421888789323212	0.04508777022082932	4.810063733949944	1.5088217821928398e-6	6.326992673328642e-6	0.09418763677561956	5.19880266845452
Count_Gain	AC0428:NKX:Homeodomain	-0.7604004329729084	0.4674791954415608	0.12435638639961792	-6.114687431728433	9.67464004281641e-10	5.851296718203388e-9	-0.3302377120769776	8.232747878335864
Count_Gain	AC0429:GLI:C2H2_ZF	-0.03322764980595746	0.967318324692852	0.1716714493887313	-0.19355373257621347	0.8465253290340938	0.8889222570324625	-0.01443058495734098	0.05113621970267149
Count_Gain	AC0430:TCF7L/LEF:Sox	-0.25785781256595286	0.7727050932507904	0.05462304172454795	-4.720678388184119	2.3505935325812148e-6	9.600800857101196e-6	-0.11198622511303633	5.017692538490314
Count_Gain	AC0431:LEF:Sox	-0.2112096656359835	0.8096043028840008	0.04554482396488314	-4.637402173270766	3.528155039925034e-6	1.3733112494188973e-5	-0.09172719231033852	4.8622310224238765
Count_Gain	AC0432:BCL11A/BCL11B:C2H2_ZF	0.3870722838680597	1.4726629371993762	0.05178233495324921	7.474987063011375	7.721144964952297e-14	6.226410490967942e-13	0.16810335698158738	12.205762250809697
Count_Gain	AC0433:HNF4A/HNF4G:Nuclear_receptor	-0.131619011270631	0.876674934731165	0.04399082180084995	-2.9919652755404527	0.0027718779006154	0.00603291072486883	-0.05716141030839695	2.2194731013343016
Count_Gain	AC0434:NR2F/RXRG:Nuclear_receptor	0.25107011977555527	1.2854002131456967	0.04291870883808862	5.849899183191193	4.918710558437358e-9	2.8126081284155436e-8	0.10903836758931217	7.550890772464036
Count_Gain	AC0435:ZNF:C2H2_ZF	-0.28491766675638386	0.7520761726411195	0.0499723995196187	-5.701500618246834	1.1875730491853464e-8	6.610472990598078e-8	-0.12373817046904707	7.17976746489294
Count_Gain	AC0436:BPTF/FOXC:Unknown	-0.2477974222609932	0.7805180428441407	0.06686938007575406	-3.705693427698475	2.1081317171735107e-4	5.946254933193445e-4	-0.10761705311779934	3.225756475268018
Count_Gain	AC0437:CEBPA:bZIP	-0.2577707849442003	0.7727723428636165	0.06480683273900112	-3.977524807952424	6.96363595925261e-5	2.1366473260340933e-4	-0.111948429497136	3.670267156355924
Count_Gain	AC0438:HSF:HSF	-0.18614793865494755	0.8301507745082245	0.05450997681887686	-3.4149333666655375	6.379761644676124e-4	0.00160514802980051	-0.08084302257550874	2.79448490995006
Count_Gain	AC0439:ZNF/DMRT:C2H2_ZF	-0.22457416329832397	0.7988563286827128	0.06547049964277585	-3.4301580791907695	6.032297037892117e-4	0.00152996566001376	-0.09753131989850188	2.815318316786255
Count_Gain	AC0440:POU3F/GFI:Homeodomain,POU	0.02001937384625436	1.0202211054421315	0.04226049137585454	0.4737137026686915	0.635704080573068	0.7147582066928669	0.00869430359258654	0.14584084946984693
Count_Gain	AC0441:WT/HOXB:Homeodomain	0.01064683073681595	1.0107037099209752	0.05482594845862212	0.19419327957183016	0.8460245448343996	0.8889222570324625	0.0046238598387571	0.05113621970267149
Count_Gain	AC0442:ZNF:C2H2_ZF	0.08904346535762302	1.0931281685005276	0.07749356847789131	1.149043296193372	0.25053812808133763	0.33710545896302974	0.03867108565435904	0.4722342146154128
Count_Gain	AC0443:CTCF/ZNF:C2H2_ZF	-0.00408964764759148	0.995918703572954	0.05452783236768048	-0.07500110439041562	0.940213833193011	0.9585000017478184	-0.00177611140627759	0.0184078819939855
Count_Gain	AC0444:ZNF:C2H2_ZF	-0.00976109503050337	0.9902863898305866	0.10408594290290836	-0.09377918629808206	0.9252845657366636	0.9494355495079309	-0.00423918970908086	0.0225345111197797
Count_Gain	AC0445:ZNF:C2H2_ZF	-0.08906207991155651	0.9147887818049888	0.04535911854154578	-1.9634878889893304	0.04958951036944237	0.08349978273122455	-0.03867916985241544	1.0783146545613445
Count_Gain	AC0446:ZNF:C2H2_ZF	0.08384067528507841	1.0874556214490307	0.04497014210056473	1.8643631389375916	0.06227072564710103	0.10043150367186296	0.03641154263535189	0.9981300349525624
Count_Gain	AC0447:ZFP:C2H2_ZF	0.04226216620896735	1.043167926285396	0.03743649144643404	1.1289029654244742	0.2589387696945617	0.34506882656330357	0.01835422557783259	0.46209427299785266
Count_Gain	AC0448:ZNF:C2H2_ZF	0.01024279976873161	1.0102954368056545	0.03976099692739427	0.2576092291507559	0.7967085062355007	0.8537132034448551	0.00444839141880004	0.06868800177043136
Count_Gain	AC0449:ZNF:C2H2_ZF	-0.01380404880201479	0.9862907901907576	0.04110640241293574	-0.3358126226505001	0.7370121708992436	0.8034326785019483	-0.00599502222263821	0.09505050792368104
Count_Gain	AC0450:FEZF:C2H2_ZF	-0.1414177187568906	0.8681266031823619	0.04466573023754691	-3.1661347078573456	0.00154479236571559	0.00362565073893697	-0.06141693489946358	2.4406140340678664
Count_Gain	AC0451:ZNF:C2H2_ZF	-0.05128227336640034	0.9500104700277878	0.03833590616865021	-1.3377086520609551	0.180991429463261	0.2569833163259394	-0.02227160834248176	0.5900950706872846
Count_Gain	AC0452:ZNF354A/ZNF:C2H2_ZF	-0.04120105476098502	0.9596361711297852	0.0460074615603132	-0.895529841544784	0.3705039209297879	0.4614791411184883	-0.01789339073128949	0.3358479243279227
Count_Gain	AC0453:ZNF:C2H2_ZF	-0.01657555861051373	0.9835610600759208	0.04517314436142936	-0.36693391272241416	0.7136683144769671	0.7806910779234997	-0.00719867363901004	0.10752078391279744
Count_Gain	AC0454:ZNF:C2H2_ZF	0.1765394500923029	1.1930814930062317	0.05260359382307454	3.3560340133046944	7.906884371322273e-4	0.00197358344030226	0.07667010901332166	2.704744507526995
Count_Gain	AC0455:NFATC/PRDM:Rel	-0.02945682720073298	0.9709727963499444	0.0478489318728134	-0.6156214161484685	0.5381444132913369	0.6245255276019389	-0.01279293750765594	0.2044498050559404
Count_Gain	AC0456:ZNF/PRDM:C2H2_ZF	0.12296040867735172	1.1308396486238053	0.03679656703476342	3.3416271838942295	8.328884882336878e-4	0.00204643304335542	0.05340102698114257	2.6890024603404665
Count_Gain	AC0457:ZNF/ZFP:C2H2_ZF	0.05348965878522551	1.0549460822871704	0.03089498527485901	1.7313378954335692	0.08339151629780962	0.1288777979147967	0.02323026364931123	0.8898218931476749
Count_Gain	AC0458:ZFP:C2H2_ZF	0.12192293976423192	1.1296670460171874	0.03680467790526436	3.3127022624151987	9.23992873772586e-4	0.00225268030078665	0.05295045995702847	2.647300438749345
Count_Gain	AC0459:ZNF:C2H2_ZF	0.10819146582801754	1.1142610678818214	0.04618309495897597	2.34266382372431	0.01914662622321195	0.03594993401313527	0.04698695659813225	1.44430190243708
Count_Gain	AC0460:ZNF:C2H2_ZF	0.06137644172006505	1.0632991090029935	0.04711117555987018	1.30280004671219	0.1926430348259463	0.2710793487819244	0.02665544995788078	0.5669035663430512
Count_Gain	AC0461:ZNF:C2H2_ZF	0.14602541531437457	1.1572255989294504	0.03891003759421684	3.752898335314849	1.7480175929592394e-4	4.969608067893569e-4	0.06341803208866348	3.3036778608970416
Count_Gain	AC0462:ZNF:C2H2_ZF	0.10516448868884952	1.1108933247145043	0.04327540554997439	2.430121390021538	0.01509376660922351	0.02894505852805363	0.04567235712974429	1.5384255679356635
Count_Gain	AC0463:ZNF:C2H2_ZF	0.07632377058448415	1.0793119670590752	0.04159182053566201	1.8350668376980992	0.066495786809923	0.10642709899094548	0.03314699240289119	0.972947775764912
Count_Gain	AC0464:ZNF:C2H2_ZF	0.0993916211867756	1.1044987599882004	0.04092756881301748	2.42847606318514	0.01516242596305767	0.0289883462941133	0.04316523262883497	1.5377765592509505
Count_Gain	AC0465:ZIK:C2H2_ZF	-0.13841270789335844	0.8707392566157801	0.04241224312178994	-3.263508310463466	0.00110041956872434	0.00263180193432551	-0.06011187526337223	2.579746798213945
Count_Gain	AC0466:ZNF:C2H2_ZF	0.0345425232662946	1.0351460452311727	0.04301424130876882	0.8030485303306469	0.4219466849848706	0.5113766182186582	0.01500162724556643	0.291259133194236
Count_Gain	AC0467:PAX:Homeodomain,Paired_box	-0.32310714402292906	0.723896289052067	0.05093755441968031	-6.343200958585732	2.2503956848901738e-10	1.4592772018514634e-9	-0.14032364971267733	8.83586220241809
Count_Gain	AC0468:ZNF780A:C2H2_ZF	0.36374566789646273	1.438708257925195	0.03985390458031319	9.126976935558371	7.043872035809972e-20	8.204806500971246e-19	0.15797273638364656	18.08593165672562
Count_Gain	AC0469:ZNF:C2H2_ZF	0.03707073565107783	1.0377664253257315	0.03638238333001041	1.0189199348163545	0.30824097883663065	0.3956807667106953	0.01609961593335725	0.4026550594494642
Count_Gain	AC0470:ZNF:C2H2_ZF	0.06366708709278301	1.0657375419131616	0.03955121989277748	1.609737633008113	0.10745514560970122	0.16142217500199246	0.02765026460324941	0.7920368053048494
Count_Gain	AC0471:ZNF:C2H2_ZF	-0.05953828029816589	0.94219946522442	0.03585869530799236	-1.6603582418933045	0.096842405457511	0.14749121799703246	-0.02585714659550253	0.8312338379161471
Count_Gain	AC0472:ZNF:C2H2_ZF	-0.10014596133252722	0.9047053563988832	0.04289269621301974	-2.3348021965130905	0.01955375640842114	0.03660509756219315	-0.043492838391613	1.43645843130022
Count_Gain	AC0473:ZNF:C2H2_ZF	-0.03052757387365033	0.969933686869547	0.03602166436458224	-0.8474781610498294	0.39672865476670094	0.48834114256018574	-0.01325795687922021	0.3112766850254131
Count_Gain	AC0474:ZNF:C2H2_ZF	-0.05772792084407716	0.9439067298489706	0.0374625691094318	-1.540949331997181	0.12332911803801629	0.1825270946962641	-0.02507091747433042	0.7386726588586374
Count_Gain	AC0475:ZNF:C2H2_ZF	-0.06263330075973048	0.93928784668439	0.03891721150073439	-1.6093984729236972	0.1075292389917883	0.16142217500199246	-0.02720129690333769	0.7920368053048494
Count_Gain	AC0476:THAP:THAP_finger	-0.3751330555887212	0.6871978371949036	0.05746291045770824	-6.528264102891429	6.65363001825341e-11	4.599047562067467e-10	-0.1629182160216874	9.337332099050307
Count_Gain	AC0477:ZNF:C2H2_ZF	0.22254654329906795	1.2492539626983556	0.04241365823932724	5.247049005848686	1.5455479827869536e-7	7.384611813483745e-7	0.09665073572142832	6.131672329288111
Count_Gain	AC0478:ZNF/PAX:C2H2_ZF	0.12243098487935668	1.1302411136554158	0.04200272041885538	2.914834650195571	0.00355877037433885	0.00766598138855869	0.05317110114708506	2.1154322394589262
Count_Gain	AC0479:PAX:Homeodomain,Paired_box	-0.16813277055757658	0.845241604035306	0.05174548772786463	-3.2492257381321017	0.00115719607008691	0.0027467031248478	-0.07301913448026102	2.561188278405384
Count_Gain	AC0480:ZFP:C2H2_ZF	0.18765354106908164	1.2064154695221176	0.04057443626764448	4.624920475327055	3.747421507035312e-6	1.4460908760277367e-5	0.08149689739590739	4.83980441401434
Count_Gain	AC0481:ZNF:C2H2_ZF	0.02493822487076569	1.025251783506699	0.04089338781254321	0.6098351397317195	0.5419710213390228	0.626653993423245	0.01083053344983597	0.2029721883953552
Count_Gain	AC0482:ZNF:C2H2_ZF	0.09064068579289852	1.0948755302390938	0.0391271870308158	2.31656535189999	0.02052742061598848	0.03831379100135537	0.03936474967578229	1.4166448741324578
Count_Gain	AC0483:ZNF:C2H2_ZF	0.01678100033663926	1.0169225922318603	0.03567187169490875	0.4704266846484065	0.6380502030148181	0.7153896215620686	0.00728789584701904	0.1454573646217973
Count_Gain	AC0484:ZNF:C2H2_ZF	-0.05555386545814175	0.9459610676717684	0.03917089044863021	-1.41824361973585	0.156119650896724	0.2247122663936828	-0.02412673721686662	0.648373220052221
Count_Gain	AC0485:ZNF:C2H2_ZF	-0.05564130377041359	0.945878358048584	0.04427090434785514	-1.2568368455547334	0.20881272098865275	0.2886663769271705	-0.02416471119339322	0.5396037986110717
Count_Gain	AC0486:ZFP/ZFP69B:C2H2_ZF	0.08542549253162553	1.0891804062461004	0.04058278822992969	2.1049685410384016	0.03529404656980418	0.06201104830281237	0.03709982002035241	1.2075309268004684
Count_Gain	AC0487:ZNF:C2H2_ZF	0.1015605799201615	1.1068969720910578	0.04831685261694536	2.101970108138684	0.03555589436351045	0.0622970962525016	0.04410719943822033	1.2055321958914764
Count_Gain	AC0488:ZNF:C2H2_ZF	0.1893240299303633	1.2084324573348302	0.04076032016237668	4.64481214024213	3.4038604643267695e-6	1.3381426450384613e-5	0.08222238149044285	4.87349758862272
Count_Gain	AC0489:ZNF:C2H2_ZF	0.06251621699189695	1.0645117219558509	0.03769833432132635	1.65832836164676	0.09725120745711244	0.14775606157131335	0.02715044806904715	0.830454693506104
Count_Gain	AC0490:ZNF:C2H2_ZF	-0.2026913200319748	0.8165302490599261	0.04040872119368521	-5.016029066112836	5.275035187796343e-7	2.3202777154712584e-6	-0.08802772181957269	5.634460031023558
Count_Gain	AC0491:ZNF:C2H2_ZF	-0.02168561570719138	0.9785478267641716	0.041295501463511373	-0.5251326400855733	0.5994909872002121	0.6868485081037039	-0.0094179432383077	0.1631390407419947
Count_Gain	AC0492:ZNF:C2H2_ZF	-0.19058069258349064	0.8264790643073603	0.04604313905073505	-4.139176791866629	3.4855427700882426e-5	1.160003387505558e-4	-0.08276814314630997	3.935540742520648
Count_Gain	AC0493:ZNF:C2H2_ZF	-0.12336034184221116	0.8839450827659157	0.04050469503756079	-3.0455813018174	0.00232230982659157	0.00521690314616465	-0.05357471574777113	2.282587226048701
Count_Gain	AC0494:ZNF:C2H2_ZF	0.1130380037969686	1.1196744840217914	0.04706261502392456	2.4018640642791533	0.01631176868742375	0.03099728853289891	0.04909178129438228	1.5086762941238616
Count_Gain	AC0495:ZNF:C2H2_ZF	0.3320897192563021	1.39387790059126	0.05081000812042131	6.535911556424849	6.322327066352717e-11	4.468251376107707e-10	0.14422473256981205	9.349862402211418
Count_Gain	AC0496:ZNF:C2H2_ZF	0.02341971698763313	1.023696112039872	0.04442226085081099	0.527206777392231	0.5980500027183726	0.6864479045800298	0.01017105385546491	0.16339241634698526
Count_Gain	AC0497:ZNF:C2H2_ZF	-0.6913507044330747	0.5008990453784222	0.3187783674938196	-2.1687503762201756	0.03010164053782803	0.0541231521788298	-0.30024979599521034	1.266616917654498
Count_Gain	AC0498:ZNF:C2H2_ZF	0.19355692377213152	1.2135584649109057	0.04319427992074672	4.481077682676308	7.426707117290208e-6	2.669370729586023e-5	0.08406070392840508	4.573591106005484
Count_Gain	AC0499:ZBTB:C2H2_ZF	1.3057730927217788	3.6905411216025	0.07659787572637806	17.04711887032278	3.671923359637894e-65	2.0996725392838505e-63	0.5670900487868117	62.67784843168095
Count_Gain	AC0500:ZNF:C2H2_ZF	1.3582135053586724	3.889238987112533	1.6726994899791447	0.8119889516888694	0.4167979711125055	0.5070907617597021	0.5898646306237441	0.2949143014089997
Count_Gain	AC0501:ZNF:C2H2_ZF	0.02399325241431691	1.024283406427255	0.7892282460609336	0.03040090434429849	0.9757473236279248	0.9817602500834304	0.0104201371264497	0.00799455577546163
Count_Gain	AC0502:ZNF:C2H2_ZF	-0.01264541883016788	0.987434198526902	0.04793997891302979	-0.2637760615854367	0.7919524815597846	0.8515181382924863	-0.00549183561929738	0.06980609664273182
Count_Gain	AC0503:ZNF:C2H2_ZF	0.06270384897356614	1.064711477139396	0.04535777689947968	1.3824277391841362	0.16684040374380923	0.2390492345213121	0.02723193560331465	0.6215126426550875
Count_Gain	AC0504:ZNF:C2H2_ZF	-0.0948069882020836	0.9095484711130664	0.12081933025262752	-0.7847004945636321	0.4326291927555552	0.5223104841521002	-0.04117415182203161	0.28207125663724186
Count_Gain	AC0505:ZNF:C2H2_ZF	0.07553131371174897	1.0784569976808762	0.0420603421718139	1.7957845754846269	0.07252878477995708	0.11491336429872294	0.03280283275591599	0.9396294604007056
Count_Gain	AC0506:ZNF:['C2H2_zinc_finger_factors']	0.08421979706779706	1.087867977724546	0.040500640447814	2.079468278441577	0.0375743304931125	0.06528799414410984	0.03657619313355593	1.1851666741053917
Count_Gain	AC0507:PAX:Paired_box	-0.01346094329173506	0.9866292500560124	0.05218734964720058	-0.2579349858296	0.7964570833982576	0.8537132034448551	-0.00584601339281313	0.06868800177043136
Count_Gain	AC0508:FOSL:bZIP	0.3752876768520709	1.4554100421799914	0.05899678232293945	6.361154999908351	2.0024224730182059e-10	1.3120038911754702e-9	0.1629853671831451	8.88206487691651
Count_Gain	AC0509:MBNL:CCCH_ZF	0.11728243846668572	1.124436969099191	0.04497022973668264	2.6080017636871737	0.00910724851411458	0.01812803580815846	0.05093511585023928	1.74164924962155
Count_Gain	AC0510:ZNF:C2H2_ZF	0.08531524317139247	1.089060331422341	0.03795238010313918	2.2479550146668066	0.0245790585746027	0.04507355056392156	0.03705193933156983	1.3460782300456446
Count_Gain	AC0511:ZNF:C2H2_ZF	0.10386753247710336	1.1094534786269223	0.04880886204783613	2.1280465907053077	0.03333322087339455	0.05872996058645707	0.04510909620371278	1.2311402906109838
Count_Gain	AC0512:ZNF:C2H2_ZF	-0.02393053660123726	0.9763535282368964	0.04885478184057684	-0.48982997568851094	0.624254217255491	0.706215652254863	-0.01039289999490114	0.15106266115328798
Count_Gain	AC0513:NR3C/AR:Nuclear_receptor	-0.8349264607784893	0.4339063893978179	0.06140197047500306	-13.59771444335635	4.131434338389081e-42	1.039468879538693e-40	-0.3626039547111097	39.983188508397866
Count_Gain	AC0514:NR3C/AR:Nuclear_receptor	-0.1357886843682336	0.8730270972704959	0.07063104411199841	-1.9225071082471308	0.05454198003927012	0.09028133011763396	-0.05897227632602619	1.0444020510730825
Count_Gain	AC0515:NR3C:Nuclear_receptor	-0.7853909572176919	0.4559414133499409	0.20815333642282657	-3.773136528651693	1.6120801121475783e-4	4.672803643045285e-4	-0.3410909588563565	3.330422468180396
Count_Gain	AC0516:ZNF:C2H2_ZF	0.027047530792283	1.0274166355296417	0.0405950367089675	0.6662767910814125	0.5052341974179257	0.5962332273468579	0.01174659337219679	0.22458382492988
Count_Gain	AC0517:ZNF585A:C2H2_ZF	-0.07718627209400294	0.9257174022265864	0.04971704634005965	-1.5525112164961798	0.12053995099351014	0.17924262216292644	-0.03352157204910843	0.7465587113637712
Count_Gain	AC0518:NKX/MSANTD:['Homeo_domain_factors']	-0.07126759506163809	0.9312126708718304	0.06233271690013556	-1.143341708910543	0.2528967441905327	0.3384511746720108	-0.03095112327378486	0.4705039742460342
Count_Gain	AC0519:NKX:Homeodomain	0.6652030239022843	1.9448853394678305	0.0665885828349448	9.98974592312835	1.690143974022979e-23	2.261916084383944e-22	0.288894002626119	21.645523511154604
Count_Gain	AC0521:ZNF:C2H2_ZF	0.1953144048893868	1.2156931462793137	0.04140497599603688	4.717172276783388	2.3914518133528573e-6	9.70466574579966e-6	0.0848239682796782	5.013019418261673
Count_Gain	AC0522:ZKSCAN:C2H2_ZF	-0.2374097213683358	0.7886680876430493	0.04768699894087959	-4.978499940050049	6.407896336580465e-7	2.741882173951777e-6	-0.10310573194045676	5.5619512119469565
Count_Gain	AC0523:NKX:Homeodomain	-0.5749293228563652	0.5627446405852536	0.14751323990233928	-3.8974760722291473	9.720042267984453e-5	2.925314156249866e-4	-0.2496886324008925	3.533827487188842
Count_Gain	AC0525:NFYA/NFYB:CBF/NF-Y	-0.46244230929027186	0.6297437368267923	0.05667748015278818	-8.159189647169283	3.3727972147750367e-16	3.2143779516568157e-15	-0.20083614312336193	14.492903059536411
Count_Gain	AC0526:GFI/GFI1B:C2H2_ZF	-0.16596355293243048	0.8470771071033418	0.06058607036566836	-2.739302151975765	0.00615697598218867	0.01265600618561005	-0.0720770552356128	1.8977033215853636
Count_Gain	AC0527:PBX/PKNOX:Homeodomain	0.12744094263598846	1.1359177819502757	0.0512137536165882	2.4884124602557964	0.01283148220812658	0.02506522456183733	0.05534689815535864	1.6009284001460828
Count_Gain	AC0528:ANHX:Homeodomain	0.6172667092960539	1.853853988700375	0.05819672717744343	10.60655365402234	2.778077635413183e-26	4.261977640670469e-25	0.2680755257098548	24.370388833026063
Count_Gain	AC0529:ZNF:C2H2_ZF	0.3102363255785306	1.3637473644375533	0.05622626285439194	5.5176408644114145	3.43580660939479e-8	1.8160692078229607e-7	0.1347339242846965	6.740867605152543
Count_Gain	AC0530:ZNF:C2H2_ZF	0.1909151606563083	1.210356761851967	0.046371967944943	4.1170381400026	3.8377258243279485e-5	1.2507406961151707e-4	0.08291340078470749	3.902832719018905
Count_Gain	AC0531:ZNF:C2H2_ZF	0.14264267153514135	1.1533176148145527	0.05049298192045785	2.8249999526636778	0.00472806230190197	0.00991317062632114	0.06194892513164994	2.0037874186444324
Count_Gain	AC0532:ZNF:C2H2_ZF	0.17282302557019877	1.1886557247994896	0.04998296410735502	3.4576385906006672	5.449318762976849e-4	0.0014105438279475	0.0750560863509619	2.850613415045631
Count_Gain	AC0533:POU3F/POU1F:Homeodomain,POU	-0.2383800268721609	0.7879032097995193	0.075470455705662	-3.1585873524052004	0.00158535790323655	0.00370702647262377	-0.10352713026652836	2.4309743125748673
Count_Gain	AC0534:POU3F:Homeodomain,POU	-0.9303089699539108	0.3944318239604813	0.7217617001081904	-1.2889420009602337	0.19741825084390385	0.2765614249015936	-0.4040280521160816	0.5582083958849974
Count_Gain	AC0535:POU4F/POU5F:Homeodomain,POU	0.13488301865288882	1.1444029027274418	0.07210845998834858	1.870557472378185	0.06140644389347315	0.0992921676323769	0.05857895070340299	1.0030850081833314
Count_Gain	AC0536:POU3F/POU2F:Homeodomain,POU	0.262891183302862	1.300685174985932	0.07190894712706233	3.655889757895302	2.562914850595053e-4	7.058382420243567e-4	0.11417219024944925	3.151294815442993
Count_Gain	AC0537:POU4F:Homeodomain,POU	0.7656673086244107	2.150428895716143	0.07069219575807598	10.83100192904872	2.4545471169213344e-27	3.8597753413587983e-26	0.3325250871092956	25.413437972749904
Count_Gain	AC0538:POU3F:Homeodomain,POU	-0.2249715275157692	0.7985389548234983	0.08293410594456704	-2.7126539190781127	0.00667467752853962	0.01367547936629127	-0.09770389298544412	1.8640574414123527
Count_Gain	AC0539:IRX:Homeodomain	0.05577549932257197	1.0573602789899263	0.06080130581004901	0.9173404843774524	0.3589642492125779	0.449777913854007	0.02422299158119156	0.347001874215705
Count_Gain	AC0540:ASCL:bHLH	-0.05275219510765052	0.9486150548103144	0.06486282791180932	-0.813288547631241	0.4160526415872937	0.5070907617597021	-0.02290998724353633	0.2949143014089997
Count_Gain	AC0541:CREB3L/XBP:bZIP	0.958044328268949	2.6065938436207032	0.05913483418727353	16.201014874497286	4.960167312378022e-59	1.7333029108254308e-57	0.4160733651859121	56.76112553364828
Count_Gain	AC0542:ZBTB:C2H2_ZF	0.1612833662748707	1.1750178820836	0.1266302876486222	1.273655531150691	0.202785522685192	0.2834490972644128	0.07004447599595735	0.54752492182245
Count_Gain	AC0543:PROX:Prospero	0.48392333373050583	1.6224272554388552	0.05600420315214224	8.640839552986213	5.5801436563064224e-18	5.849850599694566e-17	0.21016523350338445	16.232855225295047
Count_Gain	AC0544:GMEB:SAND	1.2752863305723774	3.579726248438974	0.07868845854438902	16.20677738721968	4.516382531027608e-59	1.6710615364802154e-57	0.5538498162142297	56.77700755701162
Count_Gain	AC0545:CREB:bZIP	2.1160090285504456	8.29795441622201	0.2503853105960586	8.451011057769913	2.88790900091084e-17	2.838273064957685e-16	0.9189710447569188	15.546945824206434
Count_Gain	AC0546:ZNF:C2H2_ZF	1.1441601971270972	3.1398034333826503	0.1524879777138034	7.50328133588676	6.223976938185781e-14	5.084261680673838e-13	0.4969024600256351	12.293772104941793
Count_Gain	AC0547:ATF/CREB:bZIP	1.608515741288662	4.9953912696185006	0.063919428850112	25.164738956922697	9.747994588047475e-140	1.5328721489704649e-137	0.6985695104961844	136.81449406648426
Count_Gain	AC0548:NR2E:Nuclear_receptor	0.46127267943897354	1.586091286801976	0.06123729656176056	7.532544794392733	4.9760846624773545e-14	4.173276336931008e-13	0.20032817933307376	12.379522857169226
Count_Gain	AC0549:ZNF:C2H2_ZF	-0.21138876710423607	0.8094593145488501	0.05783222784116433	-3.655207053147137	2.569744951090265e-4	7.058382420243567e-4	-0.09180497508970135	3.151294815442993
Count_Gain	AC0550:HES/EGR:bHLH	0.5347638369547024	1.7070450536886264	0.06747752916361582	7.925065478583786	2.2802614507527794e-15	2.0489777893192833e-14	0.2322449835108375	13.688462749274915
Count_Gain	AC0551:CREB3L/XBP:bZIP	0.5720112194396243	1.771827003224147	0.0550184116625155	10.396723608605011	2.56605004051896e-25	3.7535941290381994e-24	0.2484213161893789	23.42555268884001
Count_Gain	AC0552:HES/MAX:bHLH	1.185962001938266	3.273834742437932	0.0791215222452729	14.989120131711331	8.64914254673593e-51	2.3653524616943043e-49	0.5150567531887225	48.62610413578719
Count_Gain	AC0553:ZBTB:C2H2_ZF	0.00182580237917196	1.0018274701712009	0.0628228241672673	0.02906272367365588	0.9768145654301266	0.9817602500834304	7.92935898320211e-4	0.00799455577546163
Count_Gain	AC0554:HIF1A/TCFL:bHLH	0.9282156822041174	2.529990840062244	0.08073968992785946	11.49639889666995	1.3753464542262156e-30	2.338088972184566e-29	0.4031189487973106	28.63113896648744
Count_Gain	AC0555:SREBF:bHLH	1.1359458570782492	3.114117660560112	0.06851983597175262	16.57835050198521	9.993432537145832e-62	3.928668166165455e-60	0.4933350174699436	59.40575465219846
Count_Gain	AC0556:USF/BHLHE:bHLH	1.0377323009853003	2.8228084707860135	0.06447057543115887	16.096215894542183	2.7119112244432062e-58	8.977853474604089e-57	0.4506814120106803	56.04682748689273
Count_Gain	AC0557:PBX/HOXA:Homeodomain	0.1067953005884408	1.1127064608077404	0.06309372539157129	1.692645345090173	0.09052299434771714	0.13853762395307562	0.04638060973875894	0.8584322651827732
Count_Gain	AC0558:HOXB/PBX:Homeodomain	0.11278208564210042	1.1193879756566971	0.0821239434621112	1.3733155141792928	0.16965428163731117	0.2423021355691729	0.04898063745190417	0.6156427581207673
Count_Gain	AC0559:MEIS/PBX:Homeodomain	0.06020390119039816	1.0620530783560052	0.0721255599147834	0.8347096544072488	0.40388120450367426	0.4961743703765842	0.02614622207603853	0.3043656727351029
Count_Gain	AC0560:PAX:Homeodomain,Paired_box	0.07560529681066946	1.078536788223157	0.0571856775749712	1.3221019670799543	0.18613419886579105	0.26309755300355636	0.03283496320753127	0.5798831911465081
Count_Gain	AC0561:PAX:Homeodomain,Paired_box	0.2660317462327351	1.3047764797672368	0.05720324386654579	4.6506409121374785	3.3090505710769137e-6	1.3173372210173282e-5	0.11553611939996306	4.8803030371260245
Count_Gain	AC0562:PAX:Homeodomain,Paired_box	0.31867634568772396	1.3753061291057709	0.05651036372898636	5.63925490226959	1.7078755768977652e-8	9.18165587921961e-8	0.13839937844527164	7.037078988258805
Count_Gain	AC0563:SPDEF:Ets	0.15207502225696148	1.1642475776367405	0.09856307205845764	1.5429208838657746	0.1228499730722688	0.18224677609070064	0.06604534300151257	0.7393401455252293
Count_Gain	AC0564:PITX/OTX:Homeodomain	-0.5982597408268502	0.5497675420989203	0.07571170100168982	-7.901813496615239	2.7487449681406167e-15	2.435155753465419e-14	-0.2598209041859706	13.613473255924792
Count_Gain	AC0565:ZNF:C2H2_ZF	0.01664229083924729	1.0167815451927136	0.2871862818969777	0.05794946307782688	0.9537888834515984	0.9691974276107516	0.00722765507771413	0.0135877472129656
Count_Gain	AC0566:ZSCAN:C2H2_ZF,MADF	-0.22195305431566265	0.8009529647371156	0.0629990937522677	-3.5231150338202015	4.2650619984790184e-4	0.00112719495674088	-0.096392986730865	2.9480009630006383
Count_Gain	AC0567:HMX/ISL:Homeodomain	-0.3975605222789581	0.6719572730313661	0.1123499064260265	-3.538592375603981	4.02266505113904e-4	0.00107214250727392	-0.1726583410483263	2.969747485156914
Count_Gain	AC0568:ZNF:C2H2_ZF	-0.2060066150362721	0.8138276927654078	0.05567826618952769	-3.6999466602467423	2.156447867763419e-4	6.055382628674959e-4	-0.08946753614582043	3.2178584093711455
Count_Gain	AC0569:CUX:CUT,Homeodomain	0.08564793215785368	1.0894227100765483	0.0844287536792831	1.0144403230586805	0.31037269169332227	0.3969784047530239	0.03719642432257993	0.4012331178003321
Count_Gain	AC0570:TLX:Homeodomain	0.1451215539057124	1.1561800999337375	0.05191936647634405	2.7951333722809184	0.00518783077439659	0.01080511773872668	0.0630254900664762	1.9663704964345377
Count_Gain	AC0571:BARHL/MSX:Homeodomain	-0.07990211993047665	0.9232067055009044	0.0635614699084869	-1.2570842059744105	0.20872314563339756	0.2886663769271705	-0.03470104977817784	0.5396037986110717
Count_Gain	AC0572:BARHL:Homeodomain	-0.585459570075475	0.5568498914518774	0.0926340523928488	-6.3201334169492895	2.6133757434578037e-10	1.6604175178130896e-9	-0.25426186066122897	8.779782693355775
Count_Gain	AC0573:ZNF354A/ZNF354B:C2H2_ZF	-0.33192182204148657	0.7175434167412276	0.06069645078146873	-5.468554054940323	4.5372169870530735e-8	2.378257904046986e-7	-0.14415181573589075	6.623741051218114
Count_Gain	AC0574:HOXD/FOXC:Homeodomain	-0.4718464623825286	0.6238492898985115	0.12258804676695136	-3.8490413611005847	1.1858098558772234e-4	3.518275468616856e-4	-0.20492031491830243	3.453670159814136
Count_Gain	AC0575:ZNF:C2H2_ZF	-0.11216915593186506	0.8938930374011002	0.05988850344490454	-1.872966420592844	0.06107302208974038	0.09900755385166676	-0.0487144454609544	1.0043316693322974
Count_Gain	AC0577:POU2F:Homeodomain,POU	-0.01485367332847423	0.985256098301139	0.07637723015105803	-0.19447776908244524	0.845801801112944	0.8889222570324625	-0.00645086836254986	0.05113621970267149
Count_Gain	AC0578:LCORL:Pipsqueak	-0.5330304002655981	0.5868239609695067	0.06211668955746644	-8.581114094505503	9.395862814301951e-18	9.688520836386766e-17	-0.2314921615220309	16.013742522395074
Count_Gain	AC0579:POU3F:Homeodomain,POU	-0.3748402149898362	0.6873991060895136	0.098476588801078	-3.806389107841771	1.4101047411867556e-4	4.125376196309159e-4	-0.16279103696551445	3.3845364416518553
Count_Gain	AC0580:VENTX:Homeodomain	-0.12052489109184696	0.8864550222373905	0.14481033617311087	-0.832294809037441	0.4052425599348839	0.49687635516382456	-0.05234329513317952	0.3037516695177066
Count_Gain	AC0581:ZSCAN:C2H2_ZF	0.03117380723237078	1.0316647991081356	0.16400956212755918	0.19007310810405803	0.849251842544918	0.8902990149345891	0.01353861246093431	0.05046410714582637
Count_Gain	AC0582:TBP/HOXD:TBP	-0.09314908984131226	0.911057660728178	0.09008232232176822	-1.0340440548212084	0.3011155683500205	0.3881182223200059	-0.04045413571239216	0.4110359664657473
Count_Gain	AC0583:WT/FOXC:C2H2_ZF	-0.1057146808088306	0.8996813078022625	0.14587500841850354	-0.7246935712630348	0.4686400399147165	0.5593445637691777	-0.04591130253143871	0.25232057844029454
Count_Gain	AC0584:DMRT/HOXB:DM	-0.5408615199095275	0.5822464193529356	0.13104607167499838	-4.127262366558338	3.6710747139227825e-5	1.2153189447670684e-4	-0.2348931735705135	3.915309732127465
Count_Gain	AC0585:HESX/HOXB:Homeodomain	-0.4461327094155337	0.640098819284564	0.16971601638752998	-2.628701279417454	0.00857116153396403	0.01727968142584415	-0.1937529738957132	1.7624642685859064
Count_Gain	AC0586:ZNF:C2H2_ZF	0.32493905608860985	1.383946300309905	0.04121674275838805	7.883666547679372	3.1791195092454833e-15	2.7773141268269573e-14	0.14111923901413448	13.55637499679558
Count_Gain	AC0587:POU5F/NANOG:Homeodomain,POU	0.20310044455707865	1.2251955262891132	0.05540871230651351	3.665496563673135	2.468591264260515e-4	6.840281520792351e-4	0.08820540234323658	3.164926023950837
Count_Gain	AC0588:POU2F/POU3F:Homeodomain,POU	-0.2769529233294273	0.7580901846323632	0.07168997637326982	-3.863202881912114	1.1190998810332562e-4	3.3360844794782846e-4	-0.12027912634894464	3.476762960280488
Count_Gain	AC0589:POU2F:Homeodomain,POU	-0.4502426460297318	0.6374734524516658	0.11563224835855716	-3.8937463590053287	9.870785856509488e-5	2.9565353827354607e-4	-0.19553789668823152	3.5292169191560596
Count_Gain	AC0590:HOXC/CDX:Homeodomain	0.1749818038955474	1.1912245407689803	0.07797926461311572	2.24395298883232	0.02483542624531183	0.04541128810552658	0.07599363186531316	1.3428361790241994
Count_Gain	AC0591:HOXA/HOXD:Homeodomain	-0.0983666391885139	0.9063165516659544	0.08803581485023103	-1.117347972025453	0.26384557149365623	0.3508644069122828	-0.04272008860293975	0.4548606861180723
Count_Gain	AC0592:CDX/HOXA:Homeodomain	-0.4272622582539285	0.652292460712003	0.08348581910464203	-5.117782431030513	3.091489232969233e-7	1.3791111542820197e-6	-0.18555764108520323	5.86040072893229
Count_Gain	AC0593:ELK/ETV:Ets	0.7665417597944546	2.152310163198495	0.05742747099672866	13.347997856951082	1.2167539087581583e-40	2.8345859578106724e-39	0.3329048564271395	38.54751036864767
Count_Gain	AC0594:HOXC/HOXD:Homeodomain	-0.24469390616596864	0.7829441559457723	0.07480521803858729	-3.271080715783042	0.00107137326940051	0.00257211368875162	-0.10626921320323228	2.589709839283475
Count_Gain	AC0595:NKX:Homeodomain	-0.8231896138579172	0.4390290856130123	0.07053719552390308	-11.670291223570992	1.808032552711841e-31	3.3448602225169055e-30	-0.35750670685856206	29.475622026134715
Count_Gain	AC0596:HOXB/LHX:Homeodomain	-0.16371336730456093	0.8489853339626038	0.081707483134259	-2.0036520649590024	0.0451073444517717	0.07709923820696847	-0.07109981203417105	1.1129499130533804
Count_Gain	AC0597:NKX:Homeodomain	0.1789791605821298	1.1959958200515173	0.0858152672757288	2.085633084461074	0.03701187207301705	0.06448882973387182	0.07772966181649496	1.1905155040478228
Count_Gain	AC0598:PAX:Homeodomain,Paired_box	-0.01646925109528648	0.9836656255662422	0.08333981537015052	-0.1976156417210543	0.8433457958229302	0.8889222570324625	-0.007152504871762	0.05113621970267149
Count_Gain	AC0599:CUX:CUT,Homeodomain	-0.8035946915071749	0.4477166647016413	0.1988885459807189	-4.040427202806736	5.33539246968505e-5	1.6779809317159482e-4	-0.34899674020831195	3.775212978726387
Count_Gain	AC0600:HOMEZ:Homeodomain	-1.030863193903251	0.3566989273027111	0.07584059160648107	-13.592499373582909	4.436667942747134e-42	1.0733323599953644e-40	-0.4476981967093438	39.96926577685815
Count_Gain	AC0601:ONECUT/CUX:CUT,Homeodomain	-0.15705300437063358	0.8546587569675781	0.09005893132044315	-1.743891494912542	0.08117801197132289	0.12607646797521507	-0.06820725316449344	0.8993659664182925
Count_Gain	AC0602:ZZZ:Myb/SANT	-0.3976699989086568	0.6718837134404146	0.09434197052430064	-4.215197082471632	2.4956015684151375e-5	8.531159709419139e-5	-0.1727058861445018	4.068991927664034
Count_Gain	AC0603:ZNF:C2H2_ZF	0.1379386837917296	1.1479051629242134	0.03837423116625218	3.594565404949099	3.2493351256755395e-4	8.847756684198764e-4	0.05990600921174569	3.0531668290957525
Count_Gain	AC0604:ZNF:C2H2_ZF	0.04023041246937851	1.0410506176034209	0.04642774114333622	0.8665166876237911	0.3862068790801416	0.476382040790851	0.01747184614014286	0.3220446194236217
Count_Gain	AC0605:SCRT:C2H2_ZF	-0.02240716505279836	0.977842010891238	0.05486891146736061	-0.40837633650026967	0.6829974035499129	0.7536936260226232	-0.00973130813752571	0.12280515753557088
Count_Gain	AC0606:SNAI/ZEB:C2H2_ZF	-0.5611118646612556	0.5705743096223216	0.08671295465081313	-6.470911606239379	9.74134113779296e-11	6.51840805922529e-10	-0.24368778655282755	9.185858455726857
Count_Gain	AC0607:OLIG/NEUROG:bHLH	0.8157612845278762	2.2608962026582726	0.0639051385175132	12.765190772637428	2.5652140713982092e-37	5.5638608652050814e-36	0.3542806244207652	35.25462373889372
Count_Gain	AC0608:TFAP/MYOD:bHLH	-0.3024547300269817	0.7390019420996906	0.07897736179249613	-3.829638305995159	1.283317414830256e-4	3.7897026006020233e-4	-0.1313544202762559	3.4213948702391166
Count_Gain	AC0609:ZBTB/OLIG:bHLH	0.6356006191301304	1.8881558634893656	0.05517739206698113	11.519221828363325	1.0555999938447532e-30	1.844367767023194e-29	0.27603784158250605	28.734152476306395
Count_Gain	AC0610:TCF/ASCL:bHLH	-0.02969973369465821	0.9707369693953952	0.08272946647307812	-0.3589982500893211	0.7195963983653331	0.7858092614093655	-0.01289843045758613	0.10468285697588026
Count_Gain	AC0611:NHLH/TFAP:bHLH	0.2889764573070905	1.3350602972439276	0.05433193331294499	5.318722152635781	1.0449857277280514e-7	5.135125177663628e-7	0.12550088080842003	6.289448965249574
Count_Gain	AC0612:MEIS/TGIF:Homeodomain	-0.2713146558031371	0.7623765724476158	0.07931718416337091	-3.420628942705603	6.247651079619285e-4	0.00157822189922912	-0.1178304578747825	2.8018319346908505
Count_Gain	AC0613:MEIS/PKNOX:Homeodomain	0.33764130497289074	1.401637652769843	0.06238088449661889	5.412576427818865	6.212432471963357e-8	3.2029672334958617e-7	0.1466357556123394	6.494447504166252
Count_Gain	AC0614:LHX:Homeodomain	-0.0504513990022233	0.9508001373847862	0.08690917328443101	-0.5805071788809802	0.5615726470187665	0.6457572120197517	-0.0219107641909648	0.1899307347901216
Count_Gain	AC0615:ZNF:C2H2_ZF	0.04497005086572826	1.0459965327490015	0.05815643176679844	0.7732601450868535	0.43936843753384414	0.5264052327786437	0.01953024494189433	0.2786798022292175
Count_Gain	AC0616:ZNF:C2H2_ZF	0.13817458544678438	1.1481759875947313	0.03942939577650812	3.5043546249092725	4.577153967264032e-4	0.00119461819311579	0.06000845999880781	2.922770875567822
Count_Gain	AC0617:ERG/FLI:Ets	0.3635219526597262	1.4383864329665943	0.07951165485385402	4.571932923895193	4.8324564457578355e-6	1.8201288050189692e-5	0.1578755780908142	4.739897877218439
Count_Gain	AC0618:ZNF:C2H2_ZF	0.4206766674583155	1.5229917659917362	0.24001278065220255	1.7527261103145553	0.07964903162254673	0.12431573421980618	0.18269755534259569	0.905473900703586
Count_Gain	AC0619:SPDEF:Ets	0.03456035577526082	1.035164504646894	0.05349034469473957	0.6461045628419666	0.518211640587112	0.6081252274800251	0.01500937180580895	0.21600697993199028
Count_Gain	AC0620:ZNF:C2H2_ZF	-0.07369267461774293	0.928957142085087	0.0428926568085043	-1.7180720454493257	0.08578347500104998	0.13224952395995204	-0.03200432194317758	0.8786058825588491
Count_Gain	AC0621:FOXO1::ELK/ERF::FOXO:['Tryptophan_cluster_factors',_'Fork_head/winged_helix_factors']	0.5204923891205274	1.6828560657488123	0.04478251296388174	11.622670428082454	3.1609879777291903e-31	5.6807469656904595e-30	0.2260469724676852	29.2455945548262
Count_Gain	AC0622:ELF/SPIB:Ets	0.8974211671661714	2.4532683775159625	0.04638348921550836	19.34785809227387	2.1249101196016058e-83	1.6707105815367624e-81	0.3897450608434439	80.77709877675403
Count_Gain	AC0623:ZNF:C2H2_ZF	-0.07875030251717952	0.9242706836970496	0.05490068885926763	-1.4344137414932616	0.15145422853994292	0.21899933276235423	-0.03420082183142282	0.6595572083474118
Count_Gain	AC0624:ZBTB:C2H2_ZF	0.6422965552553619	1.9008412574432303	0.062631156774912225	10.255224209951724	1.1211550687240168e-24	1.5330576917987102e-23	0.27894584969287073	22.814441501532848
Count_Gain	AC0625:ELF:Ets	0.9705829381363256	2.63948266607714	0.06269406224914918	15.481257766950606	4.6430559856087015e-54	1.3274919158853971e-52	0.4215188142620514	51.876968114990035
Count_Gain	AC0626:ELF/ETV:Ets	1.0441047986988077	2.8408542485826755	0.0510343402341734	20.458867380432174	5.008836437174506e-93	6.301116237965529e-91	0.4534489526035976	90.20058250879283
Count_Gain	AC0627:ELF:Ets	0.2320597306625383	1.2611950585949985	0.1793685234589883	1.2937594968584194	0.1957485070723847	0.274834399438683	0.1007822604986952	0.560928910071669
Count_Gain	AC0628:SMAD:SMAD	-0.15208768115750718	0.8589129669562312	0.0473723465345101	-3.210473879454407	0.00132516311571319	0.00312182621641797	-0.06605084069216653	2.5055912765943487
Count_Gain	AC0629:SMAD:SMAD	0.02887645297887419	1.029297419989186	0.04638338415447987	0.6225602875956865	0.5335735146981386	0.6215143347132022	0.01254088418566378	0.2065488502644121
Count_Gain	AC0630:ZNF:C2H2_ZF	0.36834974689849975	1.4453474563747644	0.05420703004069007	6.795239411235055	1.0813280581205128e-11	8.194642753708462e-11	0.15997226248847787	10.08646997479329
Count_Gain	AC0631:T/TBX:T-box	0.13578108179671544	1.1454311104246824	0.05924015901553984	2.2920445193453554	0.0219030743508168	0.04052068754901109	0.05896897457116758	1.3923231942049394
Count_Gain	AC0632:TBX/MGA:T-box	0.08981953499213312	1.0939768413507476	0.06103791423482757	1.4715367672390591	0.1411460118334033	0.2074318725308661	0.03900812841419945	0.6831245121669028
Count_Gain	AC0633:TBX/MGA::EVX:T-box	0.1178924102865431	1.1251230531882557	0.0545269012249896	2.162096279781129	0.03061075573337373	0.05485517195524807	0.05120002324571982	1.2607824192153652
Count_Gain	AC0634:ZNF:C2H2_ZF	0.01230701916889173	1.0123830621633023	0.05528009592897489	0.222630206443637	0.8238233250544941	0.8734102478416365	0.00534487051372722	0.05878171674835812
Count_Gain	AC0635:TBX/EOMES:T-box	0.3802274333103521	1.4626171994809447	0.06308974971387699	6.026770355481672	1.672684040676822e-9	9.925643977223783e-9	0.16513067615492258	8.003241306561637
Count_Gain	AC0636:SREBF:bHLH	0.4490247890183454	1.566783495742884	0.05273694509527716	8.514425479274825	1.6741824406258345e-17	1.6984850889575003e-16	0.19500898810843925	15.769938261459188
Count_Gain	AC0637:AHR:bHLH	1.2969792892793972	3.658229507598125	0.6564004619564926	1.9758963688318725	0.04816651555162993	0.08166236733686044	0.5632709484768436	1.0879780343268977
Count_Loss	AC0001:GATA/PROP:GATA	-0.09529883058596823	0.9091012266206904	0.09562719460282894	-0.9965662067341357	0.3189751158074572	0.3941755360371131	-0.04138775625531884	0.4043103331103045
Count_Loss	AC0002:PROP/ALX:Homeodomain	0.384655757274129	1.469108504468054	0.07067741956138801	5.442413710931112	5.256342426673233e-8	2.4133134207134765e-7	0.1670538728164708	6.617386271938234
Count_Loss	AC0003:HNF1A/HNF1B:Homeodomain	0.02904891044865058	1.02947494532523	0.0725875067018009	0.40019160002267823	0.6890154010533718	0.7472253228665013	0.01261578151315066	0.12654841863712285
Count_Loss	AC0004:ZSCAN:C2H2_ZF	-0.03947484290112962	0.9612941370580586	0.1214282499822763	-0.32508780211269933	0.7451146205201746	0.79842776202247	-0.01714370644595834	0.0977643706641366
Count_Loss	AC0005:POU3F/POU1F:Homeodomain,POU	0.07894702114726104	1.0821469896456188	0.0578151308533958	1.3655079558230223	0.17209345429004275	0.23790501702953165	0.0342862556469548	0.6235963993025126
Count_Loss	AC0006:MEOX:Homeodomain	0.11099751365567756	1.1173921286294295	0.06276040862856952	1.7685913154674673	0.07696210109383655	0.11749796501947378	0.0482056076856416	0.9299696549962152
Count_Loss	AC0007:BARX/NKX:Homeodomain	-0.2743625366498485	0.7600564769778023	0.07178662514979522	-3.8219171896901902	1.3241816059484656e-4	3.5442988516663185e-4	-0.11915413570800788	3.450469665973031
Count_Loss	AC0008:VENTX:Homeodomain	-0.1550381330398623	0.8563825203921729	0.08864761336290014	-1.7489261939312086	0.08030377811322718	0.12171343718848168	-0.06733220566379443	0.9146614729230412
Count_Loss	AC0009:PAX/VSX:Homeodomain	-0.4617056984454527	0.6302077837828236	0.11783897190471558	-3.9181069809297657	8.924709780953695e-5	2.4301482477142312e-4	-0.2005162370981469	3.614367232080534
Count_Loss	AC0010:DLX/LHX:Homeodomain	-0.4617056984454527	0.6302077837828236	0.11783897190471558	-3.9181069809297657	8.924709780953695e-5	2.4301482477142312e-4	-0.2005162370981469	3.614367232080534
Count_Loss	AC0011:POU6F/NKX:Homeodomain	-0.3616928200118161	0.6964962847051049	0.0732900904821173	-4.935084915744082	8.011589522821107e-7	3.0727376889356565e-6	-0.15708119587515776	5.512474512672413
Count_Loss	AC0012:SATB:['Homeo_domain_factors']	-0.247334612417562	0.7808793578809732	0.09341027296162002	-2.6478309566570446	0.00810100219208903	0.01567855501176617	-0.10741605735662668	1.8046939658438033
Count_Loss	AC0013:SIX:Homeodomain	-0.5618816104706934	0.5701352814302497	0.08541203448105952	-6.578482925556504	4.7527243691436766e-11	3.2494169871645355e-10	-0.24402208291033453	9.488194553473608
Count_Loss	AC0014:BATF/FOSL:bZIP	0.18215101507070777	1.1997953673817994	0.06462120246968181	2.8187500094286726	0.00482110499338575	0.00975072360398597	0.07910718071828444	2.0109631539878894
Count_Loss	AC0015:RUNX:Runt	-0.3321451861204225	0.7173831612151809	0.05529759519734073	-6.006503265378806	1.895671598944198e-9	1.1143714352671968e-8	-0.14424882152282803	7.952970028731282
Count_Loss	AC0016:KLF:C2H2_ZF	-0.07853731068129108	0.9244675667733278	0.05801481157492774	-1.353745854709154	0.17581747332499176	0.2419894764144854	-0.03410832065240603	0.6162035201125202
Count_Loss	AC0017:RUNX:Runt	-0.20130782767469144	0.8176606942197998	0.05122714658075021	-3.929709950902039	8.5048389392243e-5	2.3462910933210896e-4	-0.08742687872304922	3.6296181080003014
Count_Loss	AC0018:ZBTB:C2H2_ZF	7.412778145709445e-4	1.0007415526288703	0.06542275799291329	0.0113305803257521	0.9909596983289706	0.9941206543045016	3.219328644254631e-4	0.00256090300839434
Count_Loss	AC0019:AIRE:SAND	0.01745487872282091	1.0176081053374764	0.04753129423264479	0.36722919088604977	0.713448066946793	0.7684226611464603	0.0075805575116116	0.1143998360725212
Count_Loss	AC0020:CENPB:CENPB	0.02690336523205939	1.0272685281110483	0.06332226419011466	0.4248642333964318	0.6709356492418094	0.731401253679546	0.01168398306491119	0.1358442995822754
Count_Loss	AC0021:ZNF:C2H2_ZF	-0.36667896346970097	0.6930320979548391	0.03984244930787405	-9.20322344232071	3.4736958349052943e-20	5.202273047989119e-19	-0.15924665046489517	18.2838068570377
Count_Loss	AC0022:ZNF:C2H2_ZF	-0.22704051616303592	0.7968884947718853	0.05334155671633403	-4.256353397603646	2.0778817743624988e-5	6.470235822148574e-5	-0.09860244333807254	4.189079890213615
Count_Loss	AC0023:ZNF:C2H2_ZF	-0.09020638749802797	0.913742580764006	0.05054772349088572	-1.784578637142642	0.07432968909873133	0.11403262059293172	-0.03917613632282002	0.9429708950057264
Count_Loss	AC0024:ZNF:C2H2_ZF	-0.12635382140503462	0.881302967757619	0.04999450498359551	-2.52735418515484	0.01149255362126843	0.02157855590381447	-0.05487476740359551	1.6659776228593166
Count_Loss	AC0025:ZNF:C2H2_ZF	0.2824583143527029	1.3263864826652108	0.1163146380154039	2.4283986880077477	0.01516566158326876	0.0277302358601048	0.12267008729107294	1.5570464365055716
Count_Loss	AC0026:ZKSCAN:C2H2_ZF	-0.6837865835004017	0.5047022722329112	0.05233462521696036	-13.065663137276148	5.173185150174127e-39	1.712596557610277e-37	-0.29696474001370154	36.766344933263184
Count_Loss	AC0027:ZNF:C2H2_ZF	-0.09525186796525552	0.909143921399307	0.05549977378883235	-1.716256868499563	0.08611503880570154	0.12835630191655512	-0.04136736064828759	0.8915828038885437
Count_Loss	AC0028:KLF:C2H2_ZF	-0.6584460852000695	0.5176551017609226	0.05262776160947827	-12.511383062157126	6.468800180496527e-36	1.9375596731106267e-34	-0.2859595014331886	33.71274491318109
Count_Loss	AC0029:ZNF:C2H2_ZF	0.19749355217231052	1.2183452092643376	0.04034442677663762	4.895187959063375	9.821181388698637e-7	3.721399453910507e-6	0.08577035991990642	5.429293710435844
Count_Loss	AC0030:ZNF:C2H2_ZF	-0.3838633109966122	0.6812245367188845	0.11342673634686944	-3.3842401126902097	7.137555399647908e-4	0.00172012350435959	-0.1667097177709405	2.764440369757424
Count_Loss	AC0031:POU3F/POU2F:Homeodomain,POU	0.2767721255192426	1.3188658009305554	0.07170038709504557	3.860120380554643	1.1333117953150491e-4	3.05945544743848e-4	0.12020060685764122	3.5143558667270165
Count_Loss	AC0032:SIX/ZNF:Homeodomain	0.33046373231986537	1.3916133149261969	0.05790444684860833	5.707052744737647	1.149491698599943e-8	5.9264776919620014e-8	0.1435185754156708	7.227203346001088
Count_Loss	AC0033:PRDM:C2H2_ZF	-0.4949488241254028	0.6096021034188568	0.05576501509411454	-8.875615352924738	6.954781061679814e-19	9.307568697439579e-18	-0.2149535431421655	17.03116374965066
Count_Loss	AC0034:NR2F/NR1H:Nuclear_receptor	0.07638066899736763	1.0793733799441383	0.05926048238279872	1.2888971862223368	0.1974338324145066	0.2682200444680878	0.03317170306963554	0.5715087698229769
Count_Loss	AC0035:ZNF:C2H2_ZF	0.18350227284062476	1.201417696039536	0.04644983332667827	3.950547498202345	7.79726211849699e-5	2.170122952448941e-4	0.07969402451138828	3.6635156596734
Count_Loss	AC0036:BCL11A/BCL11B:C2H2_ZF	-0.2633288528484524	0.7684891359114359	0.06515584087341869	-4.041523358742829	5.3105089997313096e-5	1.5608925985191558e-4	-0.11436226771799628	3.806626978728211
Count_Loss	AC0037:ZNF:C2H2_ZF	-0.15044501417462025	0.8603250343889768	0.04757345097465694	-3.162373363554485	0.00156488782450594	0.00355348173867955	-0.06533743948589407	2.4493459120524466
Count_Loss	AC0038:THAP:['C2CH_THAP-type_zinc_finger_factors']	-0.01891330981266363	0.98126442455251	0.04871309491021024	-0.38825925241509174	0.6978241884592519	0.7541776882145522	-0.00821394608616644	0.12252632001927954
Count_Loss	AC0039:TFAP2A/TFAP2C:AP-2	-0.3948707136315672	0.6737671425251396	0.1475854024090668	-2.675540447673086	0.00746088698439669	0.01457421712169416	-0.17149017199538877	1.8364147647926117
Count_Loss	AC0040:ZNF:C2H2_ZF	-0.16288588462553	0.8496881453632367	0.04057952879119045	-4.013991524240948	5.970049107592276e-5	1.7225508663649272e-4	-0.07074044087279739	3.763827944656662
Count_Loss	AC0041:ZNF:C2H2_ZF	-0.14262507942873223	0.867079093751593	0.04021808076350486	-3.5462925311481963	3.906922445091514e-4	9.86929404804242e-4	-0.0619412849769114	3.0057139113632565
Count_Loss	AC0042:ZSCAN:C2H2_ZF	-0.1350916513432594	0.8736358381205822	0.0455378048282859	-2.966582422070265	0.00301129636050087	0.00639900476606435	-0.05866955872957557	2.193887566362448
Count_Loss	AC0043:TFAP2A/TFAP2C:AP-2	-0.2622584405851363	0.7693121765245379	0.05843977387133705	-4.4876703520881724	7.200623032959767e-6	2.4091446211338793e-5	-0.11389739357867652	4.618137128488504
Count_Loss	AC0044:ZNF:C2H2_ZF	0.02069329877718217	1.020908889611566	0.03878365953837409	0.533557148125937	0.5936479624932449	0.6679867055603775	0.00898698547130552	0.1752321808765838
Count_Loss	AC0045:ZNF:C2H2_ZF	0.02511708156573114	1.0254351730519395	0.03682400582552474	0.682084444716254	0.4951855559787191	0.5778696005762789	0.01090820992551092	0.23817015143987985
Count_Loss	AC0046:EBF:['Rel_homology_region_(RHR)_factors']	-0.35523548658153054	0.7010083457112568	0.04571208172702738	-7.771150933419353	7.777615459216634e-15	7.090029164996033e-14	-0.15427681159857537	13.149351978333042
Count_Loss	AC0047:ZNF:C2H2_ZF	-0.18376665713035129	0.8321299527652545	0.04552874379779653	-4.0362777841290916	5.430591324313683e-5	1.5887636944154917e-4	-0.07980884514951843	3.798940693002248
Count_Loss	AC0048:ZNF:C2H2_ZF	-0.1577837538065774	0.8540344436990657	0.04740983266432132	-3.3280807996886046	8.744650006250645e-4	0.00206781385486152	-0.06852461361217776	2.6844885591201955
Count_Loss	AC0049:PLAGL:C2H2_ZF	-0.13906215758923493	0.8701739388629748	0.08171933343692908	-1.7017045017451469	0.08881077610414113	0.1311314041537671	-0.06039392768256513	0.8822932883448081
Count_Loss	AC0050:ZNF:C2H2_ZF	-0.10676621664085846	0.8987357578966328	0.03584747105758477	-2.978347244338408	0.00289807448007102	0.00617928423038873	-0.04636797874081196	2.2090618279525316
Count_Loss	AC0051:PLAG:C2H2_ZF	0.15011003925326327	1.1619620971351414	0.18113447242145927	0.8287215417725174	0.4072619932704254	0.48333545993792	0.06519196172597276	0.3157513416489523
Count_Loss	AC0052:ZNF:C2H2_ZF	0.16178816871635185	1.1756111837167171	0.0447072465170236	3.618835453325139	2.959317199876378e-4	7.755877161342673e-4	0.07026370891074392	3.110369077955053
Count_Loss	AC0053:ZNF:C2H2_ZF	-0.8496100832193472	0.4275816206982535	0.06922294922514752	-12.273532011125267	1.256501261917171e-34	3.5924513352086395e-33	-0.368980970911525	32.444609106281696
Count_Loss	AC0054:ZFX/ZNF:C2H2_ZF	-0.01008670574276152	0.9899639944643952	0.06526397408169642	-0.1545524293408051	0.8771741751340434	0.9030156401952756	-0.00438060064466316	0.04430472765805433
Count_Loss	AC0055:ZNF:C2H2_ZF	-0.162117196538107	0.8503415416153863	0.03911700860662954	-4.1444170276004035	3.406792771510806e-5	1.035204180328646e-4	-0.07040660387812482	3.984973982917649
Count_Loss	AC0056:ZNF/SP:C2H2_ZF	-0.5733657727503051	0.5636252082541687	0.05034655737274109	-11.388380907663407	4.777850933167679e-30	1.1558723988317192e-28	-0.24900959121765137	27.937090106695745
Count_Loss	AC0057:ZBTB/ZNF:C2H2_ZF	-0.24219492899683967	0.7849031622527204	0.04906070296647222	-4.936637967914039	7.948081598130388e-7	3.0670817946159595e-6	-0.10518392120827734	5.513274641860135
Count_Loss	AC0058:ZNF:C2H2_ZF	-0.35231501537113696	0.7030586128189298	0.1391315926325064	-2.5322430995361356	0.01133353854936743	0.0213436998429704	-0.1530084670673441	1.6707302952156748
Count_Loss	AC0059:YY/ZFP:C2H2_ZF	-0.42055735764982	0.6566807117797776	0.05979307420770142	-7.0335463299468834	2.0134907464979117e-12	1.4899831524084547e-11	-0.18264573975112913	10.82681864223028
Count_Loss	AC0060:YY/MZF:C2H2_ZF	-0.16792701153597853	0.8454155380143953	0.05496365529186364	-3.055237331728864	0.00224882490240466	0.00496319601267555	-0.07292977447257919	2.3042385727691523
Count_Loss	AC0061:YY:C2H2_ZF	-0.4403517573009725	0.643809916409605	0.05498704042465201	-8.0082825680422	1.1632139519064734e-15	1.1994452061461831e-14	-0.19124233829221232	13.921019586972427
Count_Loss	AC0062:ZNF:C2H2_ZF	-0.1828317282265443	0.832908298902273	0.04593104461016609	-3.980569781904709	6.875027839198879e-5	1.9567386926950655e-4	-0.0794028106856232	3.7084671671359457
Count_Loss	AC0063:ZNF:C2H2_ZF	0.00762361087784836	1.0076527445868857	0.04442837033665092	0.17159330446022042	0.8637572716446107	0.8935909931981253	0.00331089213642715	0.04886121726942463
Count_Loss	AC0064:RFX/MXI:RFX	-0.05601049255428134	0.9455292148217366	0.05426984712792165	-1.03207389588286	0.3020375015159561	0.376947596137969	-0.02432504784500755	0.4237190219162583
Count_Loss	AC0065:RFX:RFX	-0.01369324246946145	0.986400083511134	0.0553750235411533	-0.2472819259261351	0.8046900455422757	0.852104442165137	-0.00594689964385036	0.06950717063695531
Count_Loss	AC0066:RFX:RFX	-0.11377408194660556	0.8924595558346039	0.04680749416186522	-2.430680898087876	0.01507048085433232	0.02763653777660359	-0.04941145597301918	1.558516365013362
Count_Loss	AC0067:RFX:RFX	-0.00354678693637466	0.9964594954827491	0.054445547673015	-0.06514374614570312	0.9480595499938658	0.96493439635298	-0.00154034999495405	0.01550221232501602
Count_Loss	AC0068:HIC:C2H2_ZF	0.6745124367007305	1.9630756189772411	0.06704301895713426	10.06088996576956	8.225140342621673e-24	1.4781752215740089e-22	0.29293702923424364	21.830274082008685
Count_Loss	AC0069:ZNF:C2H2_ZF	0.1422669622401214	1.152884384056064	0.06077378808283532	2.3409263553920647	0.01923596105289224	0.03466882378873702	0.06178575665802301	1.460060892428585
Count_Loss	AC0070:MYB/MYBL:Myb/SANT	-0.6057077052520379	0.5456881036175129	0.07676715507267602	-7.890193464621817	3.017184364951702e-15	2.965326508679094e-14	-0.2630555140372413	13.527927480002733
Count_Loss	AC0071:MYB:Myb/SANT	-0.9087651610273124	0.40302158364924295	0.08778877009118986	-10.351724486894396	4.110148812212143e-25	8.339624525423992e-24	-0.39467169478008185	23.078853502144906
Count_Loss	AC0072:MYBL:Myb/SANT	-0.04968597359553939	0.951528182563212	0.09346288252755088	-0.5316118254847642	0.594994872738682	0.6683067409868411	-0.02157834416053342	0.17502415827085574
Count_Loss	AC0073:MYBL:Myb/SANT	-0.20995904674241633	0.8106174427153584	0.09278903711265786	-2.262757037639037	0.0236506706297019	0.0417872804103441	-0.09118405542589832	1.378955892584871
Count_Loss	AC0074:MYBL:Myb/SANT	-0.438897011901519	0.6447471774964589	0.1115544389191205	-3.9343751459296863	8.341341461296338e-5	2.3113232507292495e-4	-0.1906105503926555	3.636139311902689
Count_Loss	AC0075:OVOL:C2H2_ZF	-0.5912458064678273	0.5536371302066408	0.10189719813913747	-5.8023755045796195	6.538193612243941e-9	3.5761076366099475e-8	-0.25677479119741536	7.446589417929184
Count_Loss	AC0076:OVOL:C2H2_ZF	0.5339802816851292	1.7057080134322864	0.1050519863710908	5.0830098518924816	3.715004246203717e-7	1.4979087633731652e-6	0.23190468978099563	5.8245146384191155
Count_Loss	AC0077:ZIC/GLIS:C2H2_ZF	0.10216771669418372	1.1075692139986095	0.04174534937411008	2.447403560540011	0.01438896267658422	0.0264639108876359	0.04437087558893873	1.577345974532065
Count_Loss	AC0078:CTCF/CTCFL:C2H2_ZF	-0.01337349852895405	0.9867155293890192	0.04167537742846633	-0.3208968785443872	0.7482885395064214	0.7997071464567452	-0.005808036614866	0.09706902296127674
Count_Loss	AC0079:ZNF:C2H2_ZF	0.3810229245610848	1.4637811615657501	0.2224196741293085	1.7130810305007862	0.08669763334564765	0.12883614132670754	0.16547615361551812	0.8899622908813236
Count_Loss	AC0080:ZNF:C2H2_ZF	-0.10775206688639775	0.8978501756265096	0.04327798720579954	-2.489766133854725	0.01278271765689093	0.02371778585895102	-0.04679612806243265	1.6249258563753233
Count_Loss	AC0081:NFIA/NFIC:SMAD	0.7991296214344549	2.2236047081161545	0.06156871590413271	12.979475204237849	1.5997291535932676e-38	5.0311481880508266e-37	0.3470575849144183	36.29833289072336
Count_Loss	AC0082:NFIX/NFIC:SMAD	0.09934666704623944	1.104449109311732	0.04914293813774977	2.0215858231302017	0.0432191578691791	0.07153907973608857	0.04314570929366142	1.1454566508254225
Count_Loss	AC0083:ZBTB:C2H2_ZF	0.1379095305461659	1.1478716982509192	0.05314193548829796	2.595116818365301	0.00945587742195706	0.01807825804988143	0.05989334811806779	1.742843418759477
Count_Loss	AC0084:HIC:C2H2_ZF	0.8148881503440139	2.258922998458944	0.04716205201508677	17.27847104878595	6.833559752787808e-67	4.2983090845035315e-65	0.3539014270627526	64.36670235830294
Count_Loss	AC0085:ZNF:C2H2_ZF	0.0780165962188591	1.08114060136723	0.10229245599594904	0.7626818171415173	0.4456531770478003	0.5253871355970446	0.03388217723472461	0.27952056536726033
Count_Loss	AC0086:ZNF:C2H2_ZF	0.14071815263422605	1.1511001677099255	0.05311166176746952	2.6494774961158307	0.00806163409427504	0.0156505180410463	0.06111311719266391	1.8054712824853127
Count_Loss	AC0087:E2F:E2F	-0.12717528046177287	0.8805793107210309	0.09247149063870644	-1.3752917746146964	0.1690410055587576	0.2341999834723756	-0.05523152253904639	0.6304131399120602
Count_Loss	AC0088:ZNF:C2H2_ZF	0.06063884819648222	1.0625151156363204	0.04942667039922706	1.226844691473098	0.2198809697331261	0.29239985192840656	0.02633511716070118	0.5340228516413051
Count_Loss	AC0089:ZNF:C2H2_ZF	-0.04722996669996384	0.9538680144864412	0.04305753047476789	-1.096903751311075	0.2726834687223834	0.3458022214241515	-0.02051171391826863	0.461172221157087
Count_Loss	AC0091:ZNF:C2H2_ZF	-0.02288537018616559	0.9773745136107164	0.04549048138174125	-0.5030804135511128	0.6149077367788894	0.6833515308019813	-0.00993898998816491	0.16535582836392382
Count_Loss	AC0092:ZNF:C2H2_ZF	-0.0556187883044937	0.9458996551802756	0.05167756632494401	-1.076265626650598	0.28180847682349025	0.35522551487369813	-0.02415493285078673	0.44949584759251815
Count_Loss	AC0093:ZNF:C2H2_ZF	0.06571093054291265	1.0679179700756427	0.03777313724446046	1.7396206758693138	0.08192564627806755	0.12357609474557432	0.02853789453551481	0.9080655334882168
Count_Loss	AC0094:ZNF:C2H2_ZF	-0.21725489635713152	0.8047248217348745	0.04024129260639095	-5.398805114988478	6.708619871374907e-8	3.012026149464507e-7	-0.0943526026543651	6.521141262046754
Count_Loss	AC0095:E2F:E2F	-0.14355092013861934	0.8662766881351158	0.08756645367248296	-1.6393369163439016	0.10114311173539851	0.14760792872753054	-0.06234337248833676	0.8308903138535425
Count_Loss	AC0096:ZNF:C2H2_ZF	0.06005600035736944	1.0618960114364462	0.042614520087661	1.4092849158885308	0.15875093726845013	0.22239273840056825	0.02608198956038526	0.6528793975038719
Count_Loss	AC0098:ZNF:C2H2_ZF	0.08439945675345217	1.0880634413013948	0.04257870976656459	1.982198549842574	0.04745702293114098	0.07693419439094762	0.03665421834365642	1.1138805895278514
Count_Loss	AC0099:ZNF:C2H2_ZF	-0.1286418628218062	0.8792888151776236	0.04159107058960033	-3.0930163854443444	0.00198133195272795	0.00441921882924803	-0.05586845116526551	2.354654492671272
Count_Loss	AC0100:ZNF:C2H2_ZF	0.2672545599904419	1.3063729542940057	0.4585195610951376	0.5828640316939273	0.5599848356065105	0.6369447768471882	0.11606718066733047	0.19589821939177365
Count_Loss	AC0101:ZBTB:C2H2_ZF	-0.05714565222603184	0.9444564971567162	0.09138191810023671	-0.6253496688847003	0.531741587817808	0.60893525979183	-0.0248180414265279	0.21542887782645884
Count_Loss	AC0102:ZNF:C2H2_ZF	0.19251643313853417	1.2122964253788584	0.07227170878323258	2.6637869282426454	0.00772664862313609	0.01504663152926503	0.0836088245877617	1.8225607141558624
Count_Loss	AC0103:ZBTB:['C2H2_zinc_finger_factors']	0.2924024896731074	1.3396421012556372	0.06809157999894927	4.2942532641718625	1.752822928747222e-5	5.5683112231414275e-5	0.1269887877598031	4.254276499202873
Count_Loss	AC0104:ZNF:C2H2_ZF	0.09186974479263924	1.0962220241538625	0.05267230660346857	1.7441754636693552	0.0811284984155214	0.12266784976769944	0.03989852321730322	0.9112692473632188
Count_Loss	AC0105:EGR/ZNF:C2H2_ZF	0.05095244823379753	1.052272854660735	0.04592854315154037	1.109385247985787	0.267264023550028	0.3399319700497225	0.02212836710739935	0.468607988805417
Count_Loss	AC0106:EGR/WT:C2H2_ZF	-0.2820544626062245	0.7542326059410565	0.05143804999259669	-5.483381711531049	4.17271321211623e-8	1.9298798606037564e-7	-0.12249469670607038	6.714469725966759
Count_Loss	AC0107:KLF:C2H2_ZF	-0.09515624788227328	0.9092308579728888	0.04210570618133705	-2.2599371085824553	0.02382515439891289	0.04197765298856082	-0.04132583337388927	1.376981846902054
Count_Loss	AC0108:KLF/SP:C2H2_ZF	0.04907131546552271	1.0502952503639615	0.04680877305147058	1.0483358624154546	0.2944838922646061	0.36972129388111225	0.02131140152641021	0.4321255357705529
Count_Loss	AC0109:SP/KLF:C2H2_ZF	-0.07937828339575076	0.9236904415906064	0.04311421142906879	-1.8411164385168768	0.06560449720531425	0.10291181110371572	-0.03447355046172707	0.9875347787574544
Count_Loss	AC0110:ZNF/MAZ:C2H2_ZF	-0.0910064951844682	0.9130117807000696	0.04402883498201174	-2.066974863669445	0.03873652257004547	0.06514778795871284	-0.0395236186759694	1.1861003258245213
Count_Loss	AC0111:CTCF/KLF:C2H2_ZF	-0.07923217261145724	0.9238254125855906	0.04306784663535167	-1.8397059245219043	0.06581142328760238	0.10297359514403458	-0.03441009535436183	0.9872741243567892
Count_Loss	AC0112:PAX:Homeodomain,Paired_box	0.3223089719332699	1.3803111874953702	0.04811089951769897	6.699292159663307	2.094315057579263e-11	1.463693523574841e-10	0.1399770079785292	9.834549848792674
Count_Loss	AC0113:ZNF:C2H2_ZF	0.21755006067675495	1.2430276547558212	0.04564589306313452	4.766037995485233	1.8788384345530505e-6	6.798712499744767e-6	0.09448079088963228	5.167573323646356
Count_Loss	AC0114:ZNF/VEZF:C2H2_ZF	-0.11043576520635744	0.8954438469929064	0.05034022790699503	-2.1937875492020136	0.02825068633396872	0.04895229119577501	-0.04796164343388416	1.3102269763757544
Count_Loss	AC0115:ZNF:C2H2_ZF	0.4448315655026313	1.560227377585334	0.19826920696455708	2.2435736356284015	0.02485984714910712	0.04343567737996771	0.19318789427417768	1.3621534012699483
Count_Loss	AC0116:GLIS:C2H2_ZF	-0.08436370651026473	0.9190969137664684	0.04183646400588046	-2.016511397770297	0.04374652759546059	0.07222195763135095	-0.03663869221031341	1.1413307438658429
Count_Loss	AC0117:GLI/ZIC:C2H2_ZF	-0.05598142926673036	0.9455566954085308	0.04500770298600158	-1.2438188477235077	0.2135662420119264	0.28499163767295965	-0.02431242581959819	0.545167883029281
Count_Loss	AC0118:ZBTB7A:C2H2_ZF	-0.20994732147589293	0.8106269474766455	0.05049157188109318	-4.1580666565563735	3.2095238175189786e-5	9.799953792327368e-5	-0.09117896320734836	4.008775972040623
Count_Loss	AC0119:ZBTB7A/ZBTB7B:C2H2_ZF	0.15596932819470896	1.1687903536299356	0.05041759325236289	3.0935496546614556	0.00197777453394033	0.00441921882924803	0.06773661858111937	2.354654492671272
Count_Loss	AC0120:RREB:C2H2_ZF	0.1362651510377859	1.1459857126151052	0.1223800192105511	1.113459140771549	0.2655112872553985	0.33909592622105383	0.05917920317142357	0.4696774276514158
Count_Loss	AC0121:ZNF:C2H2_ZF	-0.23251508567799076	0.7925377932866506	0.04516938801076775	-5.147625325863666	2.638047487763199e-7	1.077488227144839e-6	-0.1009800186692132	5.967587466331003
Count_Loss	AC0122:XPA:Unknown	-0.06766760042084854	0.9345710729841448	0.04990943393004592	-1.3558078121201058	0.17516032505436724	0.24161369398946708	-0.02938766546640868	0.6168784547548727
Count_Loss	AC0123:FOXO:Forkhead	-0.08865656335791561	0.9151598190248786	0.04224192094222895	-2.0987815274585744	0.03583616395690597	0.06050315643066882	-0.03850305625084877	1.2182219677497836
Count_Loss	AC0124:ZNF:C2H2_ZF	0.08266265930577549	1.0861753355968338	0.05743390617808167	1.43926584149559	0.15007521695495496	0.21165316471898357	0.03589993679594678	0.6743752334044011
Count_Loss	AC0125:ZNF:C2H2_ZF	0.07079126239453148	1.0733571524810783	0.0463906250826007	1.5259820765183545	0.12701432827514822	0.18198636101382284	0.0307442546249102	0.7399611590390597
Count_Loss	AC0126:ZNF:C2H2_ZF	0.27554402714399595	1.3172470981498392	0.05324725840272198	5.1748021477460755	2.2815261859709233e-7	9.441315598524414e-7	0.11966725051003728	6.0249674847941055
Count_Loss	AC0127:ZFP:C2H2_ZF	0.2709077865552576	1.311154158768267	0.04919367505550879	5.506963776330447	3.650753435490103e-8	1.7265593315212593e-7	0.11765375680557232	6.7628184929533655
Count_Loss	AC0128:TFCP:Grainyhead	-0.4454373263729707	0.6405440879472551	0.16132612340025865	-2.7610985560461097	0.00576072894077028	0.01143059464903631	-0.19345097287751897	1.9419311758971471
Count_Loss	AC0129:THAP:THAP_finger	0.2518726879050204	1.286432248474311	0.04229830635876644	5.954675484372415	2.6058838309779244e-9	1.4900917542591949e-8	0.10938691849929026	7.826786988539687
Count_Loss	AC0130:GCM:GCM	0.4299793883429825	1.5372258384500008	0.04930000525736166	8.721690517036535	2.7407859831753953e-18	3.447908766834648e-17	0.18673767568949268	16.46244423431614
Count_Loss	AC0131:ZNF:C2H2_ZF	0.03221859627183212	1.0327432344532557	0.03768843273970137	0.8548669692463154	0.39262479842703185	0.46861669489678	0.01399235857552537	0.32918224332677887
Count_Loss	AC0132:ZSCAN/KLF:C2H2_ZF	0.06126342825458911	1.0631789486758432	0.0436208018892199	1.4044544254407498	0.16018357379107948	0.22390103981019777	0.02660636883344381	0.6499438895260053
Count_Loss	AC0133:ZNF:C2H2_ZF	0.1479858588764671	1.1594964996638026	0.05283250082536144	2.8010383109752155	0.00509384713414622	0.01026932643390375	0.06426944190976301	1.988458040884902
Count_Loss	AC0134:HSF:HSF	-0.11876222368981228	0.8880189255242099	0.1442910278971755	-0.8230742092602215	0.410465794171345	0.48557119362300094	-0.05157777840704512	0.3137470855688295
Count_Loss	AC0135:ZBTB:C2H2_ZF	-0.2536746190507368	0.7759442384481324	0.04621402859958185	-5.489125850695304	4.0392775833611896e-8	1.8820041480993986e-7	-0.1101694872526445	6.725379423685227
Count_Loss	AC0136:INSM:C2H2_ZF	-0.1821519961039665	0.8334746458885121	0.1116224036711966	-1.6318587497947743	0.10270924558019212	0.149546563587826	-0.07910760677561528	0.8252235621177288
Count_Loss	AC0137:ZNF:C2H2_ZF	0.5943582156170846	1.811867743316189	0.27296133798239125	2.1774446887252092	0.02944740444514737	0.05060769780327241	0.25812649331636295	1.295783418748837
Count_Loss	AC0138:GTF3A:C2H2_ZF	-0.05083187764463387	0.950438447051397	0.03900538170164594	-1.3032016462099865	0.19250592827509583	0.2620914045130634	-0.02207600396584575	0.5815472218376727
Count_Loss	AC0139:ZNF:C2H2_ZF	-0.01602433323494527	0.9841033733453418	0.03826285652288091	-0.41879605160589206	0.6753651907046856	0.7349562369433342	-0.00695927950011561	0.1337385202625654
Count_Loss	AC0140:ZNF75A/ZNF75D:C2H2_ZF	-0.08454501918671051	0.9189302849515352	0.04212146776990506	-2.007171726506554	0.04473138101953261	0.07365455146933511	-0.03671743530519292	1.1328004108452294
Count_Loss	AC0141:IKZF:C2H2_ZF	-0.45993476330668986	0.6313248297078455	0.04523647498699169	-10.167343132703197	2.7737126162295764e-24	5.286864350328496e-23	-0.1997471297395736	22.276801832522747
Count_Loss	AC0142:IKZF:C2H2_ZF	-0.2817272802642169	0.7544794179055433	0.05728725668008456	-4.917800163437692	8.752219130559127e-7	3.336452020073752e-6	-0.12235260322036028	5.476715116150251
Count_Loss	AC0143:RBPJ:CSL	-0.31251386897200784	0.7316054822603256	0.05672410801670311	-5.5093659450754915	3.601285318920617e-8	1.716067019394749e-7	-0.13572304881277886	6.76546575519072
Count_Loss	AC0144:IKZF/NFKB:C2H2_ZF	-0.13424789856295644	0.8743732818543191	0.04598388070545445	-2.919455611475445	0.00350643327356531	0.0073031342022271	-0.05830312155299946	2.1364907186997546
Count_Loss	AC0145:ZNF:C2H2_ZF	-0.20818710106674748	0.8120550861244522	0.04038590947346059	-5.154943983706907	2.537067591837994e-7	1.0430166766445084e-6	-0.09041450919672302	5.981708747645582
Count_Loss	AC0146:ZNF/ZNF324B:['C2H2_zinc_finger_factors']	0.2372093530847776	1.2677064882601594	0.04051767598863733	5.854465916339821	4.785453347211203e-9	2.6403948731542512e-8	0.10301871310055902	7.578331119187752
Count_Loss	AC0147:ZNF:C2H2_ZF	0.36343541507187094	1.4382619638599874	0.04102689278534254	8.858467955967495	8.112154866826597e-19	1.0630302940070684e-17	0.15783799529393144	16.97345435887027
Count_Loss	AC0148:ZNF:C2H2_ZF	-0.18993690508019917	0.827011312509681	0.04002016787450006	-4.746029693724064	2.0744827144983256e-6	7.456283585253981e-6	-0.08248854978611221	5.127477582793445
Count_Loss	AC0149:ZNF:C2H2_ZF	-0.18926147610755276	0.8275700885963925	0.0356482171995769	-5.309142812050613	1.1014200758923093e-7	4.777884329215603e-7	-0.08219521471037429	6.320764368565099
Count_Loss	AC0150:ZNF:C2H2_ZF	-0.3810999626519458	0.6831096007595272	0.04965667007195545	-7.674698325516177	1.65808402534046e-14	1.4286778793686977e-13	-0.1655096108332754	12.845065679524229
Count_Loss	AC0151:ZNF:C2H2_ZF	-0.19334826733985092	0.8241948839901827	0.04947813952218	-3.9077513667056336	9.31591000344151e-5	2.525735944898582e-4	-0.08397008559125198	3.5976120550743502
Count_Loss	AC0152:ZNF:C2H2_ZF	-0.5823056840375672	0.5586089049557281	0.0543282164200094	-10.718291937577774	8.353164755635638e-27	1.8117726314809709e-25	-0.25289214535841387	24.741896305052645
Count_Loss	AC0153:ZNF:C2H2_ZF	-0.16425573089691334	0.8485250000724768	0.04153580927118938	-3.954557134651679	7.667654757914969e-5	2.143535485657118e-4	-0.07133535754951492	3.6688693224647513
Count_Loss	AC0154:ZNF:C2H2_ZF	-0.03229156928264908	0.968224236473473	0.03751609085039026	-0.8607391801940144	0.3893817089255765	0.46562945801176353	-0.01402405035145104	0.3319595518820944
Count_Loss	AC0155:ETS/SIX:Ets	-0.05707839628671665	0.9445200196016816	0.04537478347843186	-1.2579320915954983	0.20841631649551023	0.2801150920420426	-0.02478883254320809	0.5526634916262432
Count_Loss	AC0156:ZNF:C2H2_ZF	-0.05838005878362445	0.943291373129582	0.04174372442856974	-1.3985349793960566	0.16195247616339473	0.22587163527001172	-0.02535413738291556	0.646138303914359
Count_Loss	AC0157:ZFP:['C2H2_zinc_finger_factors']	0.21292005244171708	1.237285729316413	0.07260226212900824	2.9326917123240004	0.00336037384304807	0.00706914764975664	0.09247000386198873	2.1506329473520123
Count_Loss	AC0158:E2F/TFDP:E2F	-0.20240644165837404	0.8167628940054575	0.05803519620234138	-3.487649821199504	4.8728582905574e-4	0.00121147346433225	-0.08790400071390432	2.9166860940483788
Count_Loss	AC0159:E2F:E2F	0.04153362840492109	1.0424082157876398	0.06653233103423571	0.6242623362098801	0.532455314603349	0.60893525979183	0.01803782562967738	0.21542887782645884
Count_Loss	AC0160:BCL11B:C2H2_ZF	-0.16166801152972862	0.8507235880862312	0.1638410342590856	-0.986737005542087	0.32377158371783965	0.3985368417974974	-0.07021152530763243	0.3995315250839696
Count_Loss	AC0161:E2F/ZBTB:E2F	0.15875077332898388	1.1720458052031968	0.0945422232845546	1.679152105945017	0.09312240337593618	0.1368551208492146	0.06894458485465162	0.8637389475052422
Count_Loss	AC0162:ZNF:C2H2_ZF	-0.01614391225037057	0.9839857022685164	0.0330839078687487	-0.4879687222687568	0.625571995793522	0.6927549037924741	-0.00701121200666624	0.15942039130181268
Count_Loss	AC0163:ZNF:C2H2_ZF	-0.04426974591509525	0.9566958578643068	0.04797391493745166	-0.9227878519569248	0.3561177727517471	0.4324287240556929	-0.01922610636618488	0.36408546577201006
Count_Loss	AC0164:ZNF:C2H2_ZF	0.1862984228967149	1.2047817411934247	0.04060276231905186	4.588318928471003	4.468296372301631e-6	1.56142134343207e-5	0.08090837705132169	4.806479888458317
Count_Loss	AC0165:ZNF:C2H2_ZF	0.1622726428044768	1.176180874862094	0.03615458065246953	4.488301063820879	7.17934223200998e-6	2.4091446211338793e-5	0.07047411333384168	4.618137128488504
Count_Loss	AC0166:ZFP:C2H2_ZF	-0.17795805954130217	0.8369775259740149	0.03883309226714567	-4.582639423022763	4.591433752703618e-6	1.5955866466577766e-5	-0.07728620326899786	4.797079606924187
Count_Loss	AC0167:ZNF:C2H2_ZF	-0.23105068250504096	0.7936992383501827	0.06847068757240943	-3.374446652966632	7.396425035513341e-4	0.00177570662112133	-0.10034403645191949	2.7506287859408554
Count_Loss	AC0168:ZNF:C2H2_ZF	-0.05144974811078503	0.9498513805892604	0.03501680172872953	-1.469287472606988	0.1417548332232179	0.2008193470662254	-0.02234434169982619	0.6971944492991944
Count_Loss	AC0169:ZNF/PRDM:C2H2_ZF	-0.17868557734568852	0.8363688313669272	0.03252830106673973	-5.49323424482181	3.946387865094461e-8	1.852446244137624e-7	-0.07760216023692922	6.732254385892835
Count_Loss	AC0170:FLI/ZNF:Ets	-0.05725978711077632	0.9443487078746426	0.03166343020736648	-1.8083886280095725	0.07054603659381338	0.10849255994500884	-0.02486760957716509	0.9646000432497074
Count_Loss	AC0171:RBAK/ZNF:C2H2_ZF	-0.3640995042016348	0.6948220535893294	0.03415847170020757	-10.65912747493976	1.5807342969686655e-26	3.3142729093109678e-25	-0.1581264055384798	24.479611733053716
Count_Loss	AC0172:ZNF:C2H2_ZF	-0.23426159488099488	0.791154826770359	0.02856986459563321	-8.199604660247525	2.411788649348682e-16	2.615543207655726e-15	-0.10173851797867112	14.582438101218091
Count_Loss	AC0173:ZNF:C2H2_ZF	-0.03764106168290638	0.9630585574778546	0.03237177995619792	-1.162773926359264	0.2449212385606561	0.3189554017694672	-0.01634730538186617	0.49627003832052297
Count_Loss	AC0174:ZSCAN:C2H2_ZF	-0.1467791161251719	0.8634846861966387	0.04354681272073156	-3.3706052625820297	7.500324538044502e-4	0.00179380385339543	-0.06374536019179876	2.7462250473817873
Count_Loss	AC0175:MZF:C2H2_ZF	-0.10181860584887846	0.9031933708053068	0.0480522244136593	-2.1189155567985645	0.03409760398065938	0.05796592676712094	-0.04421925867525007	1.2368272161845868
Count_Loss	AC0176:MZF:C2H2_ZF	-0.01201696128592357	0.9880549540372217	0.04402526321524358	-0.2729560349740906	0.7848870116465243	0.8340572285428014	-0.00521889997572161	0.07880414937706837
Count_Loss	AC0177:ZNF/MZF:C2H2_ZF	-0.1013660430640893	0.9036022150192616	0.04032226118290522	-2.5138977847567694	0.01194050356699171	0.02235290697511246	-0.04402271315510137	1.6506659892589164
Count_Loss	AC0178:ZNF:C2H2_ZF	-0.00891098685782801	0.9911285983173088	0.03702026681464838	-0.24070563571146564	0.8097832707158641	0.8560566004710564	-0.0038699924206671	0.06749751983265201
Count_Loss	AC0179:ZNF:C2H2_ZF	-0.5155370286001042	0.5971798058544282	0.04653563617106476	-11.078327729419938	1.5982983356169086e-28	3.7234431596408725e-27	-0.22389488673782415	26.429055271508467
Count_Loss	AC0180:ZSCAN/ZNF:C2H2_ZF	-0.29028779212063655	0.7480482542038892	0.04339429260970598	-6.689538523683827	2.2387544652002817e-11	1.5474467677043707e-10	-0.1260703862818707	9.810384281816656
Count_Loss	AC0181:ZNF:C2H2_ZF	-0.11084132641215552	0.8950807633378945	0.04125150636143758	-2.686964336307761	0.00721046509755036	0.01412891758990398	-0.04813777642763629	1.8498911079842713
Count_Loss	AC0182:ZNF:C2H2_ZF	-0.22838922800590616	0.795814446275313	0.04207359511937438	-5.42832689618995	5.6884780352209176e-8	2.574138621693495e-7	-0.09918818144910864	6.589368069313714
Count_Loss	AC0183:ZNF:C2H2_ZF	0.22672762877967584	1.254488134939079	0.04564033836772751	4.967702626411639	6.775075074282543e-7	2.6802026551721507e-6	0.09846655807402212	5.5718323669057135
Count_Loss	AC0184:ZNF:C2H2_ZF	-0.3109490598264705	0.732751201391993	0.06557708925623078	-4.741733177748901	2.1189758386394893e-6	7.572930696046811e-6	-0.13504346083564023	5.120736017619091
Count_Loss	AC0185:ZNF:C2H2_ZF	-0.05728869809130282	0.9443214062221996	0.0445572977925916	-1.2857309785250943	0.19853696585245523	0.2691373955198154	-0.02488016545647416	0.5700259546347408
Count_Loss	AC0186:ZNF:C2H2_ZF	-0.17922430522076896	0.8359183775105403	0.04923026055420471	-3.640531315560173	2.7207601205410923e-4	7.171814698795046e-4	-0.07783612678032412	3.1443709400148228
Count_Loss	AC0187:IRF:IRF	-0.16598259146564018	0.8470609801512243	0.08929988453961268	-1.8587100344123255	0.06306825037827182	0.09942338217527062	-0.0720853235655293	1.002511467156859
Count_Loss	AC0188:IRF/STAT:IRF	-0.5268686520494419	0.5904509853942094	0.05845823091018303	-9.012736852385055	2.009770907809169e-19	2.8730588659362886e-18	-0.228816148272877	17.54165547568247
Count_Loss	AC0189:IRF:IRF	-0.1486431638595814	0.8618766087558204	0.06378626854370671	-2.3303317038796565	0.01978862635617382	0.03556298850866667	-0.06455490583685707	1.4490017505621218
Count_Loss	AC0190:IRF/ZBED:IRF	-0.37864880412259305	0.6847860644837157	0.07015066944889312	-5.397650615415013	6.751918713426003e-8	3.012026149464507e-7	-0.1644450862097074	6.521141262046754
Count_Loss	AC0191:IRF:IRF	0.06994418483117233	1.0724483206995898	0.0619952132019707	1.1282191191649769	0.25922739137466067	0.33208559913373026	0.03037637351339927	0.47874995713982743
Count_Loss	AC0192:PRDM:C2H2_ZF	-0.4803330833831625	0.618577319662062	0.04917479402084119	-9.767871791788052	1.5466678961012891e-22	2.6293354233721912e-21	-0.208606007588882	20.580154007568968
Count_Loss	AC0193:ZNF:C2H2_ZF	-0.08496532781603976	0.9185441317804578	0.0424815058868921	-2.0000545188360723	0.0454943771679993	0.0745207376007072	-0.03689997302360693	1.1277228551401046
Count_Loss	AC0194:ZNF:C2H2_ZF	0.6321221713106431	1.8815994215745584	0.04285040211691794	14.751837557694058	2.9940029781626336e-49	1.3451627666173548e-47	0.2745271708889143	46.87122516222896
Count_Loss	AC0195:ZNF:C2H2_ZF	-0.20649878215950032	0.813427252081009	0.03850016764962107	-5.363581375509484	8.158786971384836e-8	3.588725178322421e-7	-0.08968128161161265	6.445059798314284
Count_Loss	AC0196:NFKB/RELA:Rel	0.15250400049102783	1.164747121645704	0.05022445090009613	3.036449334097865	0.00239382335900824	0.00525418542522457	0.06623164588142419	2.2794946046122164
Count_Loss	AC0197:ZBTB:C2H2_ZF	-0.03397633113841655	0.9665943825554064	0.06676091879903095	-0.5089254574325859	0.6108044750323496	0.6799929465404387	-0.01475573312873193	0.16749559213854776
Count_Loss	AC0198:ZBTB:C2H2_ZF	0.21507324172910497	1.2399527099208554	0.05908403314328783	3.6401245867478176	2.7250615469189444e-4	7.171814698795046e-4	0.09340512208799448	3.1443709400148228
Count_Loss	AC0199:HSF:HSF	0.05315471036235342	1.0545927889315223	0.05930862453770393	0.8962391351457103	0.37012505830133113	0.4468496385250236	0.02308479739753569	0.349838589047729
Count_Loss	AC0200:ZNF:C2H2_ZF	-0.05602912029931194	0.9455116019086488	0.04498242589660965	-1.245578004798867	0.21291936145239376	0.28499163767295965	-0.02433313777188464	0.545167883029281
Count_Loss	AC0201:TEAD:TEA	-0.02740995635092476	0.9729622876840476	0.05242683232107274	-0.5228230495228193	0.6010973979758879	0.6733890861608656	-0.01190399279241561	0.17173392664487433
Count_Loss	AC0202:ZNF:C2H2_ZF	0.29477522724641836	1.3428244944029308	0.04716701244845471	6.249605644804324	4.1149033013213814e-10	2.6961189338866136e-9	0.12801925459489658	8.56926095368294
Count_Loss	AC0203:ZNF:C2H2_ZF	0.07310721877991234	1.0758458816138343	0.04145500412056953	1.7635318179509558	0.07781083577589987	0.1185060912906562	0.03175006170340971	0.9262593260595272
Count_Loss	AC0204:ZNF33B:C2H2_ZF	0.00133480956795596	1.001335700822755	0.0380778819909635	0.03505472201087079	0.9720361058033752	0.982824057818175	5.797004297549408e-4	0.00752422129065186
Count_Loss	AC0205:NFATC/STAT:Rel	-0.11920640856233992	0.8876245685411608	0.05865234648245131	-2.032423521163067	0.04211079891048912	0.07007326062089327	-0.05177068544612878	1.1544476736193827
Count_Loss	AC0206:NFATC:Rel	-0.10712481807985504	0.8984135277401254	0.064075526690333	-1.6718523219882766	0.09455344641784148	0.1383119018530751	-0.04652371736697074	0.8591404468848028
Count_Loss	AC0207:NFAT/NFATC:Rel	-0.15083464813083752	0.8599898878386731	0.05411572312606755	-2.7872610660575368	0.00531556369965234	0.01064805594611886	-0.06550665536304137	1.9727296756938923
Count_Loss	AC0208:NFATC/ZNF:Rel	-0.6139644573157592	0.5412010420111091	0.06539881752726448	-9.388005479759633	6.1147150820900225e-21	9.861937914447756e-20	-0.2666413758969588	19.00603773588495
Count_Loss	AC0209:ZNF:C2H2_ZF	-0.3794934034435518	0.6842079388152913	0.14081394591567564	-2.6949987160419884	0.00703889022827639	0.01383581860495578	-0.16481189103421906	1.8589951404552447
Count_Loss	AC0210:BCL/BCL6B:C2H2_ZF	-0.2697743735433771	0.7635517523794741	0.05196490827126835	-5.191472139912092	2.086378105198353e-7	8.69093925940241e-7	-0.11716152178879528	6.060933285331269
Count_Loss	AC0211:ZNF:C2H2_ZF	-0.15718664770819946	0.8545445451508112	0.03927008663940946	-4.002706924268788	6.26218563840509e-5	1.798591217605845e-4	-0.06826529372854144	3.745067531546729
Count_Loss	AC0212:STAT/STAT5A:STAT	-0.95426637409785	0.38509455628930056	0.07141853242313091	-13.361607158827365	1.0135196817638464e-40	3.541688221274775e-39	-0.41443262053652047	38.4507896728861
Count_Loss	AC0213:STAT/STAT5A:STAT	-0.22802463438785137	0.7961046480432223	0.06387496435401141	-3.569859282019798	3.5717304117856557e-4	9.132595239890966e-4	-0.09902984045265031	3.0394057900228697
Count_Loss	AC0214:OSR:C2H2_ZF	-0.6595309686016376	0.5170938108559302	0.05735119614881634	-11.499864220621832	1.3212310686412608e-30	3.324217368701413e-29	-0.286430660307998	28.47831058568785
Count_Loss	AC0215:ZNF:C2H2_ZF	-0.3908529704491761	0.676479611221064	0.04784765841642852	-8.168695885752614	3.117408987701875e-16	3.3234750055330154e-15	-0.16974528830157193	14.47840758302491
Count_Loss	AC0216:ZNF:C2H2_ZF	-0.21017042293587315	0.8104461155938428	0.04882342068720243	-4.30470499562852	1.672083991069573e-5	5.366024644810008e-5	-0.09127585494032234	4.270347337053492
Count_Loss	AC0217:ZNF:C2H2_ZF	0.1181430568486856	1.1254050967586733	0.15503524549911166	0.762039989476861	0.44603613737491543	0.5253871355970446	0.05130887766456633	0.27952056536726033
Count_Loss	AC0218:ZSCAN:C2H2_ZF	0.08262493795702805	1.086134364370949	0.04348856949588652	1.8999231042732585	0.05744321152072337	0.0917050254988198	0.03588355462233582	1.037606864039874
Count_Loss	AC0219:HMBOX:Homeodomain	-0.44251714988772967	0.6424173234886715	0.07189312050788113	-6.155208547933591	7.497876405869061e-10	4.763802282112768e-9	-0.19218275634379517	8.322046271867958
Count_Loss	AC0220:ZNF:C2H2_ZF	0.07369151018134881	1.0764746727924828	0.04969648797644891	1.4828313464780671	0.1381192254452632	0.19655428236441305	0.03200381623487709	0.7065174896868127
Count_Loss	AC0221:EN:Homeodomain	-0.29037256596804034	0.7479848419632243	0.07392090816622057	-3.928152036702534	8.560109149494412e-5	2.3512264869135304e-4	-0.12610720309600787	3.6287055345164254
Count_Loss	AC0222:MYNN:C2H2_ZF	-0.3024209955202434	0.7390268723861891	0.05423199994944643	-5.576430812106356	2.4550349194040905e-8	1.2064195033634162e-7	-0.13133976956612972	6.918501650474099
Count_Loss	AC0223:ZNF:C2H2_ZF	-0.23541697472855483	0.790241270281213	0.05863262369763437	-4.01511922684185	5.941575148648278e-5	1.7222353771888328e-4	-0.10224029307096864	3.763907493980756
Count_Loss	AC0224:ZNF:C2H2_ZF	-0.19928992804862183	0.8193123172732493	0.03520320450100785	-5.661130311103249	1.5037917594100223e-8	7.690122086739056e-8	-0.08655051605041256	7.114066765377216
Count_Loss	AC0225:ZNF33A:C2H2_ZF	-0.4928514544624068	0.6108820061224305	0.0539607262307372	-9.133521523690463	6.630656035135096e-20	9.699261967674362e-19	-0.21404266707101505	18.013261310636924
Count_Loss	AC0226:ZKSCAN:['C2H2_zinc_finger_factors']	-0.00831648525983915	0.9917180010358904	0.04634006650717399	-0.17946640751047835	0.8575714919986988	0.8917132851077004	-0.00361180365717787	0.0497747630138658
Count_Loss	AC0227:SPI/BCL11A:Ets	-0.2903159144448419	0.748027217644163	0.03865665666749571	-7.510114414238849	5.907570869086665e-14	4.889292206125675e-13	-0.12608259965209137	12.310754006566045
Count_Loss	AC0228:CTCF:C2H2_ZF	0.00509523704790013	1.0051082398429148	0.04005246711519567	0.1272140623259392	0.898770975682577	0.922229924476902	0.00221283333389204	0.03516078991931916
Count_Loss	AC0229:ZFP:C2H2_ZF	-0.33520280320823037	0.7151930282033044	0.1021877413380016	-3.280264333267684	0.00103709868626659	0.00240714049321656	-0.14557672775183608	2.6184985613044978
Count_Loss	AC0230:MECP:MBD	0.00131351908408728	1.001314382128113	0.17296105398378298	0.00759430550307841	0.9939406791328124	0.9955233872206036	5.704540900937217e-4	0.00194853290272047
Count_Loss	AC0231:PAX:Homeodomain,Paired_box	0.1662285237004822	1.1808429214861027	0.05639564795189431	2.9475416940377333	0.00320311554199361	0.00676093850977846	0.07219213057804333	2.1699930139212023
Count_Loss	AC0232:SMAD:['SMAD/NF-1_DNA-binding_domain_factors']	-0.37725282214358824	0.685742681043596	0.06725470887679029	-5.609314625608004	2.0312944476744464e-8	1.0221473660697817e-7	-0.16383881893938926	6.990486486141474
Count_Loss	AC0233:HINFP:['C2H2_zinc_finger_factors']	0.1022257791627481	1.1076335240682629	0.12160113274175244	0.8406646949568118	0.4005358043380103	0.4762514573319631	0.04439609179864191	0.32216368237089327
Count_Loss	AC0234:HINFP:C2H2_ZF	0.13880966415789325	1.1489054013141056	0.06964814491732718	1.993013084880599	0.04626001428563324	0.07518746507923335	0.06028427117861663	1.123854557023808
Count_Loss	AC0235:HINFP:C2H2_ZF	1.5094044711826142	4.524035798231255	1.6126193717134676	0.9359954975480768	0.34927550589890954	0.42494060582285126	0.6555260327947052	0.37167176728138
Count_Loss	AC0236:BATF/IRF:bZIP	-0.3498682999466488	0.7047809032893673	0.05658435226425813	-6.183128125470216	6.284366678041485e-10	4.0335373882531565e-9	-0.15194587205970134	8.394313913076594
Count_Loss	AC0237:ZNF:C2H2_ZF	-0.4045440531976037	0.6672809861412621	0.06801994698117377	-5.947432645155861	2.7238078785191366e-9	1.5434911311608443e-8	-0.17569124999049485	7.811495861613679
Count_Loss	AC0238:ZNF:C2H2_ZF	0.051533671946822	1.0528846383708126	0.06124640931697942	0.8414153992295392	0.4001152615386528	0.4762514573319631	0.0223807893587172	0.32216368237089327
Count_Loss	AC0239:BACH/NFE:bZIP	-0.2314424633421299	0.7933883431035618	0.05417667839819644	-4.271994337508788	1.9373249711617705e-5	6.0928870343037674e-5	-0.10051418470758264	4.215176873875091
Count_Loss	AC0240:ZNF:C2H2_ZF	0.0816293098950872	1.0850535166691786	0.04651330470267185	1.7549668942443084	0.07926497063674796	0.12042914620897216	0.03545115884900687	0.9192683925976703
Count_Loss	AC0241:NFE2L/JUN:bZIP	-0.5942464774847155	0.5519783373066967	0.06237655992690961	-9.526759381745803	1.6226957956768346e-21	2.6859885670545503e-20	-0.2580779660620569	19.57089584024351
Count_Loss	AC0242:FOSL/JUND:bZIP	-0.04291008461800363	0.9579975249079528	0.06659012261974116	-0.644391133847869	0.5193218324007041	0.5960829061679613	-0.01863561296760058	0.22469333222751495
Count_Loss	AC0243:ZSCAN5C:C2H2_ZF	0.05664779276300301	1.0582830098129752	0.05186899876896034	1.0921319884220015	0.27477509098373615	0.34775358597338035	0.02460182380897117	0.4587283829450557
Count_Loss	AC0244:MAFG/MAFF:bZIP	-0.31403708162466953	0.7304919398292514	0.05288535514348654	-5.938072662509991	2.883922290167274e-9	1.6196313576028712e-8	-0.13638457166259504	7.790583823468172
Count_Loss	AC0245:ZBTB:C2H2_ZF	-0.18194161081844543	0.8336500151367697	0.05884317363150695	-3.0919748135580973	0.0019882971839065	0.00441921882924803	-0.07901623760703984	2.354654492671272
Count_Loss	AC0246:MAFF/MAF:bZIP	0.10282637710940028	1.1082989663000775	0.06005260760903297	1.712271643203939	0.0868466199086232	0.12883614132670754	0.04465692817271538	0.8899622908813236
Count_Loss	AC0247:ZNF:C2H2_ZF	-0.2032719409181752	0.8160562921510628	0.05690754935192472	-3.5719679239939044	3.5430881491244607e-4	9.132595239890966e-4	-0.08827988226652732	3.0394057900228697
Count_Loss	AC0248:ZNF:C2H2_ZF	0.02124346576772629	1.0214707145175708	0.04615827056845563	0.4602309728268717	0.6453504414990141	0.7121498731629472	0.00922591995942415	0.1474285987253378
Count_Loss	AC0249:ZNF:C2H2_ZF	0.1260191038691724	1.1343038376681562	0.07282119094752951	1.7305279167979284	0.08353599790459253	0.12540368181858877	0.05472940142477429	0.9016897125481792
Count_Loss	AC0250:MECOM/ZSCAN:C2H2_ZF	-0.10174729473789122	0.903257780824563	0.0628129890435837	-1.6198448169261994	0.1052656163086622	0.1529147174553084	-0.04418828865324992	0.8155507133971668
Count_Loss	AC0251:MECOM:C2H2_ZF	0.04149193903529657	1.0423647593520742	0.09285845850342817	0.4468299356247096	0.6549978552498565	0.7202686205457338	0.01801972016649543	0.14250550542418194
Count_Loss	AC0252:GATA/GATA1::TAL:GATA	-0.08075191218644129	0.9224225048429304	0.06972834173203855	-1.1580931107865091	0.2468260411026179	0.3201104739248385	-0.0350701098657074	0.49470011562986577
Count_Loss	AC0253:GATA:GATA	-0.07576637410900629	0.927032760116701	0.07106918490563228	-1.0660931908760607	0.28638151735262596	0.36026794882960345	-0.03290491818935883	0.4433743730858766
Count_Loss	AC0254:GATA/TRPS:GATA	0.313042107574372	1.3675791152545358	0.07639211337885675	4.097832796192984	4.170363392003379e-5	1.2491231302714882e-4	0.1359524599229139	3.9033947496468566
Count_Loss	AC0255:GATA:GATA	0.7883762814860235	2.199821633698825	0.16542246406252495	4.765835679899193	1.8807249204381388e-6	6.798712499744767e-6	0.34238746871278475	5.167573323646356
Count_Loss	AC0256:GFI:C2H2_ZF	-0.6257105917519675	0.5348812112683583	0.08472841002855781	-7.384897126490053	1.5257130751634485e-13	1.2147766130098848e-12	-0.2717426572662978	11.915503577750254
Count_Loss	AC0257:FOXG/FOXK:Forkhead	-0.2710814353107651	0.762554395022343	0.06377951016985482	-4.250290329744346	2.1349360358776133e-5	6.615146633335068e-5	-0.1177291715018786	4.179460524667338
Count_Loss	AC0258:SOX:Sox	-0.5434083472729841	0.5807654249588949	0.07043509719092085	-7.715022324737133	1.2096105844962483e-14	1.0716127572509017e-13	-0.23599924664082297	12.969962124878412
Count_Loss	AC0259:SOX:Sox	-0.6405249438375236	0.5270156977737038	0.05465346755928774	-11.719749403689455	1.0097023031426914e-31	2.6462614528198036e-30	-0.2781764486300267	29.57736724937473
Count_Loss	AC0260:SOX:Sox	-0.6990875734092036	0.4970386081992364	0.07995178300723807	-8.743864703378971	2.2526919154024903e-18	2.891720846506462e-17	-0.30360987549875157	16.538843634155302
Count_Loss	AC0261:SOX/SRY:Sox	-0.6236664034245106	0.535975727514538	0.0755582201746062	-8.254117182528791	1.530291526812467e-16	1.6886901234474417e-15	-0.27085487755571225	14.77245003664786
Count_Loss	AC0262:SOX/SRY:Sox	-0.19392249164305983	0.8237217471135625	0.05888551488945201	-3.293212125377825	9.904971464152557e-4	0.00231606953566987	-0.08421946803751035	2.635248405866716
Count_Loss	AC0263:SOX/SRY:Sox	0.07908373003740513	1.0822949388723029	0.06828371753805017	1.1581638037404276	0.24679719647401793	0.3201104739248385	0.03434562756357149	0.49470011562986577
Count_Loss	AC0264:FOXD:Forkhead	-0.4389394481350813	0.6447198174351791	0.07141875977797672	-6.14599650707511	7.946303221353871e-10	4.9982247262315855e-9	-0.1906289802147244	8.301184221365183
Count_Loss	AC0265:FOXJ:Forkhead	-0.14143180187324664	0.8681143773404867	0.187056062318354	-0.7560931205348553	0.4495933663293823	0.528587340974171	-0.061423051119185	0.2768832419059646
Count_Loss	AC0266:ZNF:C2H2_ZF	-0.03243220418321618	0.9680880799286552	0.04877393469565251	-0.6649495142352548	0.5060827845849605	0.5880671186270258	-0.01408512731273034	0.23057310319967375
Count_Loss	AC0267:SOX/SRY:Sox	-0.23367891609941396	0.791615950231245	0.07337868559231032	-3.1845612143794275	0.00144973645223421	0.00331594264892843	-0.10148546379910844	2.4793929894213127
Count_Loss	AC0268:ZNF:C2H2_ZF	-0.05668431974194441	0.9448923061373524	0.04487633469247289	-1.2631227601449382	0.20654506563498393	0.2781945316582546	-0.02461768727436601	0.5556514109866248
Count_Loss	AC0269:CUX:CUT,Homeodomain	-0.4001349005432656	0.6702296255962876	0.133140595874198	-3.0053560892978535	0.00265270091961644	0.00571420848780391	-0.17377637932284673	2.2430439180570634
Count_Loss	AC0270:BBX:Sox	0.01563389202649888	1.0157567406823835	0.06871206740064989	0.22752760348979129	0.8200135075427931	0.862985509378213	0.00678971303777971	0.06399649657901585
Count_Loss	AC0271:SOX/SRY:Sox	-0.15452197448054353	0.8568246636583237	0.06794743565906733	-2.2741398991990236	0.02295757642062534	0.04079185188862527	-0.06710804084969514	1.3894265779201065
Count_Loss	AC0272:HSFY:HSF	-0.26653530841966094	0.7660289559768402	0.0811785351475567	-3.2833224686203653	0.00102591239383568	0.00238999591008387	-0.11575481367904009	2.621602842244131
Count_Loss	AC0273:MTF:C2H2_ZF	0.21691574050417897	1.24223942726007	0.05464977866119992	3.96919705473911	7.211522710789844e-5	2.0341021457788395e-4	0.0942053091389226	3.69162724205524
Count_Loss	AC0274:PAX:Homeodomain,Paired_box	0.4325454166264008	1.541175468693727	0.04827248045623907	8.960497006540207	3.232182250602674e-19	4.419657903541483e-18	0.18785208761338895	17.354611345210635
Count_Loss	AC0275:ZNF33A:C2H2_ZF	0.2917344726209004	1.3387474963270856	0.04487079037238898	6.5016566501226105	7.944025304285197e-11	5.31573608127169e-10	0.12669867164021234	9.274436589296773
Count_Loss	AC0276:ZNF:C2H2_ZF	-0.11615946119710216	0.8903332383732196	0.04623902490728537	-2.5121520497029386	0.01199973741795168	0.02239713601154779	-0.05044741301875637	1.6498075126436391
Count_Loss	AC0277:ZNF:C2H2_ZF	0.08072871610164853	1.0840767641011857	0.03922761434957301	2.057956300432714	0.03959432846950033	0.06641288695284189	0.03506003593408015	1.177747640670094
Count_Loss	AC0278:ZFP:C2H2_ZF	0.10088424694751852	1.1061485942763372	0.04622055436005975	2.1826706395952473	0.02906007358906074	0.05007886654114851	0.04381347176027227	1.3003455092803613
Count_Loss	AC0279:ZNF:C2H2_ZF	-0.14923429608370167	0.861367276275422	0.0426434720354858	-3.4995812714198378	4.659895282202098e-4	0.00117242965300204	-0.0648116312998677	2.930913205951528
Count_Loss	AC0280:ZNF:['C2H2_zinc_finger_factors']	-0.05795403215984831	0.9436933259837428	0.04793519696393957	-1.2090079071427546	0.2266598075890738	0.29888683222961726	-0.02516911637106571	0.5244932178345425
Count_Loss	AC0281:ZKSCAN:C2H2_ZF	-0.03345731411452469	0.9670961917076326	0.05091999622117885	-0.6570564924867175	0.5111445926603664	0.5897629498804534	-0.01453032689924185	0.2293225141984062
Count_Loss	AC0282:SMAD:SMAD	-0.3650607041514586	0.6941545115383713	0.084660186960134165	-4.312070611459467	1.617327619319796e-5	5.216918320780265e-5	-0.15854384937269397	4.282585962800743
Count_Loss	AC0283:ZSCAN:C2H2_ZF,MADF	-0.146059513905466	0.8641062753151396	0.06320943778451388	-2.3107231930047343	0.02084814932077991	0.0373603587543321	-0.06343284091861516	1.4275889620918714
Count_Loss	AC0284:ZNF:C2H2_ZF	0.07269965502158779	1.0754074951642287	0.1419740023422373	0.5120631511559467	0.6086068127999695	0.6787476688850723	0.0315730590121456	0.16829164895681784
Count_Loss	AC0285:ZFP:C2H2_ZF	-0.04868087780565624	0.95248504031976	0.0437447905343564	-1.1128382879653549	0.26577788811920433	0.33909592622105383	-0.02114183660520298	0.4696774276514158
Count_Loss	AC0286:ZNF33A:C2H2_ZF	-0.2430149203437697	0.7842598122582577	0.5251765084497115	-0.46272998969648255	0.6435579192106626	0.7114199142065145	-0.10554003892545746	0.14787398212331618
Count_Loss	AC0287:ZNF:['C2H2_zinc_finger_factors']	0.15805704700608775	1.1712330081384437	0.04658211656308232	3.3930842706995534	6.911037359563019e-4	0.00167839478732244	0.06864330334066679	2.775105877959271
Count_Loss	AC0288:ZNF:C2H2_ZF	0.43047314652022695	1.5379850436944813	0.05529359972470792	7.785225571556888	6.958893677702574e-15	6.436976651874882e-14	0.18695211214126456	13.19131806613595
Count_Loss	AC0289:ZNF:['C2H2_zinc_finger_factors']	0.0109053376355603	1.010965017576037	0.05263935672039504	0.20717079985392456	0.835876470936748	0.8777400671439307	0.00473612795841569	0.05663407648407354
Count_Loss	AC0290:FOXP:Forkhead	-0.17838790677978267	0.83661783080833	0.18326628702473377	-0.9733809184212222	0.3303640189478915	0.4058573592152808	-0.07747288355273128	0.3916265747736009
Count_Loss	AC0291:ZFP/ZNF:C2H2_ZF	-0.2808278911563822	0.7551582937170863	0.06142744333007538	-4.571700789293415	4.837814102311831e-6	1.6719698188759022e-5	-0.12196200349374378	4.7767715663790336
Count_Loss	AC0292:ZBTB:C2H2_ZF	-0.20801753615827753	0.812192793845672	0.07631182312294717	-2.725888697785889	0.00641286191656692	0.01268456020603961	-0.09034086809265009	1.8967245858645028
Count_Loss	AC0293:ZNF:C2H2_ZF	0.10862645707330036	1.1147458671253785	0.07485121991561013	1.4512316191475516	0.1467153750880985	0.2073797099559864	0.0471758708956348	0.6832337372681678
Count_Loss	AC0294:ZNF:C2H2_ZF	-0.2704561394175868	0.7630313662624133	0.3583725468754373	-0.7546787324409412	0.45044177032874005	0.5285967789865251	-0.11745760894591448	0.2768754875770672
Count_Loss	AC0295:ZNF:C2H2_ZF	0.18212054753493437	1.199758813130385	0.04013963162824742	4.537175358798531	5.701269812366939e-6	1.9280100602036584e-5	0.07909394883562086	4.714890704313096
Count_Loss	AC0296:ZNF:C2H2_ZF	-0.13945241121566204	0.869834416581921	0.09868822641999588	-1.4130602633609255	0.15763800566117542	0.2213265749126771	-0.06056341267906516	0.6549664367504884
Count_Loss	AC0297:ZNF:C2H2_ZF	-0.3577669629054302	0.6992360039483234	0.04609545977437139	-7.761436042869128	8.397306374644475e-15	7.545579585216251e-14	-0.15537621779711372	13.122307395915712
Count_Loss	AC0298:PRDM:C2H2_ZF	-0.17450423374399776	0.8398732984131472	0.2121166879402794	-0.8226803625800942	0.41068978538543166	0.48557119362300094	-0.07578622578377346	0.3137470855688295
Count_Loss	AC0299:HMX:Homeodomain	0.48298183415372087	1.6209004597160408	0.4078642345353876	1.1841730489163933	0.2363445683828058	0.3103564373962105	0.20975634543247249	0.5081392420728247
Count_Loss	AC0300:ZNF:C2H2_ZF	-0.30061252756148454	0.7403645880489288	0.2019082837777157	-1.4888568311166177	0.13652507324292296	0.19472623825351143	-0.13055436191094194	0.7105755258247762
Count_Loss	AC0301:ZNF:C2H2_ZF	0.18851828108800417	1.2074591564519517	0.1181738773203694	1.595261874812917	0.11065368737851078	0.16000268818639837	0.08187244921440635	0.7958727207521261
Count_Loss	AC0302:ZNF:C2H2_ZF	-0.2099908147691759	0.8105916914077828	0.04957748750747542	-4.235608243308274	2.279338694425068e-5	7.027960974477292e-5	-0.09119785210462096	4.153170658761293
Count_Loss	AC0303:ZNF:C2H2_ZF	0.36787489918771016	1.4446612993667445	0.18112781236026632	2.0310238079616436	0.042252579542289	0.07012367422717619	0.15976603874793757	1.1541353365203022
Count_Loss	AC0304:ZFP:C2H2_ZF	0.08700754718905876	1.090904912952832	0.04357351627090256	1.996798850203432	0.04584703854106935	0.07470929337391871	0.03778689762814501	1.126625371277369
Count_Loss	AC0305:ZNF:C2H2_ZF	-0.9197448686425967	0.3986207287597228	0.12186495274592556	-7.547246750754987	4.445558471655686e-14	3.778724700907334e-13	-0.3994401212103109	12.422654747466954
Count_Loss	AC0306:TOPORS:Unknown	0.5108756330687007	1.66675001758866	2.2509346117890017	0.2269615609414198	0.8204536321274584	0.862985509378213	0.22187046838056712	0.06399649657901585
Count_Loss	AC0307:ZNF:C2H2_ZF	-0.20354207775958064	0.8158358750546215	0.3772644308122172	-0.5395209861724108	0.5895274203286023	0.6645389738112739	-0.08839720120610847	0.17747954351759995
Count_Loss	AC0308:ZNF:C2H2_ZF	0.1392205745321226	1.1493775954706085	0.1594243315700855	0.8732705551342957	0.3825156258320197	0.4587777455054502	0.06046272728670124	0.33839765711469505
Count_Loss	AC0309:ZNF:C2H2_ZF	-1.1852466189671278	0.3056707859888374	0.6456434442725911	-1.8357603248066372	0.06639311168892544	0.10362597333085384	-0.5147460663119097	0.9845313772114296
Count_Loss	AC0310:ZNF:C2H2_ZF	-0.23971417701397765	0.7868527295254482	0.0428413274916818	-5.5953956389544945	2.2011922356323637e-8	1.0901967844194937e-7	-0.1041065443111498	6.96249510327597
Count_Loss	AC0311:CTCF:C2H2_ZF	-0.879854267646535	0.41484336337625466	0.34126551711652503	-2.5782102893979437	0.00993135389679983	0.01887257281295196	-0.3821158533179169	1.7241688903860852
Count_Loss	AC0312:ZNF:C2H2_ZF	0.990428720833402	2.6923885079970145	1.6851113979357542	0.58775266848629	0.5566983179194924	0.6343536992234796	0.43013772817644275	0.19766852320868936
Count_Loss	AC0313:ZNF:C2H2_ZF	-0.17966253562063278	0.8355521329213281	0.6718796144438055	-0.26740286765414184	0.7891589917385794	0.8370674634124223	-0.07802644782478724	0.07723953865305015
Count_Loss	AC0314:ZNF:C2H2_ZF	0.04305739748422226	1.043997815979106	0.6983693719451336	0.06165418933579034	0.9508382221364792	0.9661990980999116	0.01869959013251268	0.01493337224218627
Count_Loss	AC0315:ZNF:C2H2_ZF	-0.2788923680929086	0.7566213354298948	0.8081860315541323	-0.34508437068208403	0.7300309429751335	0.7837749347381386	-0.12112141650768074	0.10580862945063806
Count_Loss	AC0316:ZNF:C2H2_ZF	0.11064766825596836	1.1170012825054028	0.6901511416867917	0.16032382122202313	0.8726259949613367	0.8998061489027555	0.04805367175902865	0.04585104337159431
Count_Loss	AC0317:ZNF:C2H2_ZF	-0.22645779894063017	0.7973529907438834	0.04982899302873449	-4.544699484696401	5.501368502171264e-6	1.8704652907382296e-5	-0.09834937246387174	4.728050346370196
Count_Loss	AC0318:ZBTB:C2H2_ZF	0.1882855485898252	1.2071781741641443	0.05960827569043506	3.1587149000526797	0.00158466428933747	0.00358544546040744	0.08177137477468767	2.4454568793327396
Count_Loss	AC0319:ZBTB:C2H2_ZF	-0.2955628523920804	0.7441126439936527	0.1126820447116168	-2.622980911896869	0.00871641558554874	0.0167664385422329	-0.12836131584946583	1.7755591786412757
Count_Loss	AC0320:ZNF:C2H2_ZF	0.6762217495271621	1.9664339987551336	0.19415883041467483	3.482827683309181	4.961476079409641e-4	0.00122864899761758	0.2936793743626093	2.910572169326862
Count_Loss	AC0321:LEF/TCF:Sox	-0.2103239694828292	0.8103216839445689	0.06251399295298929	-3.3644302586941373	7.670186654031346e-4	0.00182058392656064	-0.09134253935838066	2.7397892958555308
Count_Loss	AC0322:ZNF:C2H2_ZF	0.8338386090719335	2.3021388119587556	0.05190405595033508	16.064999041111555	4.48871353650243e-58	2.5667280131454804e-56	0.36213150671782346	55.59062014950088
Count_Loss	AC0323:ZNF:C2H2_ZF	0.05856593883988463	1.060314899323934	0.08840408944776314	0.6624799735592606	0.5076636652058426	0.5880671186270258	0.02543486406564522	0.23057310319967375
Count_Loss	AC0324:MBD:MBD	0.32533114609167535	1.384489038213136	0.241955684460035	1.344589802953821	0.17875773814473336	0.2454991643952779	0.14128952153887525	0.6099499817452386
Count_Loss	AC0325:ZNF705G/ZNF:C2H2_ZF	-0.9186250046263446	0.3990673798175382	0.10924174656510605	-8.409102138245851	4.1316121451285756e-17	4.725061889610681e-16	-0.3989537704475706	15.3255924986594
Count_Loss	AC0326:ZNF:C2H2_ZF	0.0753248382500954	1.0782343457612766	0.03957754713346197	1.9032214906115257	0.05701165008761085	0.09124765370256292	0.03271316160227142	1.039778293963329
Count_Loss	AC0327:ZBTB:C2H2_ZF	-0.6587293796964864	0.517508473689995	0.06432386072397642	-10.240824668830054	1.3012246404081906e-24	2.5577196838023495e-23	-0.286082534669736	22.592147054247
Count_Loss	AC0328:ATF/ATF6B:bZIP	-0.25604470497467513	0.7741073615687019	0.05983154973994569	-4.279426257343465	1.8737570585046364e-5	5.922578843213147e-5	-0.1111988024910475	4.227489149103384
Count_Loss	AC0329:ZNF/ZNF354C:C2H2_ZF	-0.32838083296361853	0.7200887339534687	0.05454970494314133	-6.019846180761179	1.7458289539111331e-9	1.0359683132170781e-8	-0.14261398371889297	7.984653527993708
Count_Loss	AC0330:LIN28B:CSD	-0.13433046058337642	0.8743010948095631	0.07820982805146902	-1.7175649650447389	0.08587599529733232	0.12830404047986232	-0.05833897778288265	0.8917596668481562
Count_Loss	AC0331:YBX:CSD	0.340524832081465	1.4056851456612571	0.04943927498704763	6.887739194611522	5.66860107032168e-12	4.145988457246903e-11	0.14788805552401166	10.382371911349962
Count_Loss	AC0332:ZNF:C2H2_ZF	-0.2567171857093385	0.773586964279673	0.07221436908201513	-3.5549321966349976	3.7807657300820954e-4	9.589119533151766e-4	-0.11149085716329804	3.0182212676414513
Count_Loss	AC0333:ZNF:C2H2_ZF	-0.21013999307536685	0.810470777731319	0.06626804728017191	-3.1710605895315545	0.00151883460017494	0.00346140204170305	-0.09126263941981937	2.4607479544901585
Count_Loss	AC0334:ZNF:C2H2_ZF	0.4041913313289168	1.4980905511950775	0.09154605725140388	4.415169188760649	1.009310194993526e-5	3.3065422533902496e-5	0.1755380648292775	4.4806259231953
Count_Loss	AC0335:NRF:Unknown	0.6674081808281781	1.9491788490355637	0.06736873596877029	9.90679387449936	3.8892677223798895e-23	6.795414992713753e-22	0.2898516901107654	21.16778401596721
Count_Loss	AC0336:ZNF:C2H2_ZF	-0.35362994842461415	0.7021347453554524	0.05873441334655408	-6.020830519546875	1.735243785283857e-9	1.0359683132170781e-8	-0.15357953523654144	7.984653527993708
Count_Loss	AC0337:ZNF:C2H2_ZF	-0.13128990779803898	0.8769634989776627	0.05153014080244086	-2.547827460852195	0.01083960676731584	0.02053648390554718	-0.05701848248627503	1.6874739108426078
Count_Loss	AC0338:ARID5B:ARID/BRIGHT	-0.42371543694061337	0.654610133269702	0.0709270508262045	-5.973961020582414	2.3156115190605894e-9	1.3362565554945971e-8	-0.1840172761605336	7.874110151187733
Count_Loss	AC0339:ZNF:['C2H2_zinc_finger_factors']	-0.27930929559627166	0.7563059449375767	0.05596330234673483	-4.990936629610241	6.008721012105248e-7	2.392079440895064e-6	-0.12130248582174501	5.621224401535854
Count_Loss	AC0340:ZNF:C2H2_ZF	-0.20317923687985864	0.8161319473715569	0.04636541242122689	-4.382129399259687	1.1752496930996173e-5	3.8104745204106146e-5	-0.08823962141423626	4.419020938034716
Count_Loss	AC0341:ZNF:C2H2_ZF	-0.07296948180415273	0.9296292001988844	0.06239872856864659	-1.1694065484663996	0.24223987272951136	0.3161180081885117	-0.03169024329488327	0.5001507631476667
Count_Loss	AC0342:ZNF:C2H2_ZF	-0.06275982758319577	0.9391690090950592	0.3544529656556436	-0.1770610875468535	0.8594604065787403	0.8920801909868443	-0.02725624680458142	0.04959610421387276
Count_Loss	AC0343:ZNF:C2H2_ZF	-0.04678193711462351	0.9542954713269464	0.0408373970119458	-1.1455660874011828	0.25197473593795877	0.3247789116905247	-0.02031713714162592	0.4884121778106933
Count_Loss	AC0344:ZNF:C2H2_ZF	1.0986823013716247	3.0002100454633847	2.211092229865567	0.4968957362029281	0.6192625784420731	0.6869773577426174	0.47715166085046207	0.16305757672427518
Count_Loss	AC0345:ZNF:C2H2_ZF	-0.2449166210349771	0.7827698020569623	0.07866161626231093	-3.1135467674381334	0.00184853210984853	0.00415259534676688	-0.10636593704188044	2.381680387028444
Count_Loss	AC0346:ZNF:C2H2_ZF	-1.0985822769646223	0.33334333738461436	2.581996631124885	-0.42547781190791434	0.6704883930062495	0.731401253679546	-0.4771082208024453	0.1358442995822754
Count_Loss	AC0347:ZNF:C2H2_ZF	-0.1168826299916233	0.8896896099125622	0.0398703178005251	-2.931570061126624	0.00337253285280969	0.00707107721472432	-0.05076148123570152	2.15051442032275
Count_Loss	AC0348:TP:p53	0.3641766557897234	1.4393284574059286	0.04661352951798966	7.812681415793154	5.598397787601636e-15	5.335442740002165e-14	0.1581599120474568	13.272829536584052
Count_Loss	AC0349:IRX:Homeodomain	-0.05509630191704538	0.9463940040080198	0.08364833630479056	-0.6586658426330232	0.5101103717600595	0.5897629498804534	-0.02392801989584836	0.2293225141984062
Count_Loss	AC0350:TFCP/TFCP2L:Grainyhead	0.16635537497900316	1.1809927224214447	0.05782526745367099	2.8768630445554857	0.00401649875981429	0.00822924338737195	0.07224722138832736	2.084640092830812
Count_Loss	AC0351:GRHL/TFCP:Grainyhead	0.13530416323641056	1.1448849633127691	0.06899339253429998	1.9611176993382993	0.04986529450415221	0.0806305147637834	0.05876185147210993	1.0935005675557632
Count_Loss	AC0352:ZNF:C2H2_ZF	-0.0086162890038449	0.9914207248306682	0.04594829362677496	-0.187521414262575	0.8512518353298666	0.8913266884695406	-0.0037420067688535	0.04996308945835858
Count_Loss	AC0353:PRDM:C2H2_ZF	-0.11367897490722112	0.8925444390571617	0.05207512126325615	-2.182980512566415	0.0290372451437958	0.05007886654114851	-0.04937015151062435	1.3003455092803613
Count_Loss	AC0354:PRDM/ZEB:['C2H2_zinc_finger_factors']	-0.38411525091801274	0.681052930680761	0.06858923516440847	-5.600226478649136	2.1407193637438376e-8	1.0686606982498998e-7	-0.16681913388857592	6.971160162207811
Count_Loss	AC0355:DMRTC:DM	-0.04647868849158095	0.9545849039974132	0.08015799445169676	-0.5798384653896129	0.562023555361471	0.6381097767551719	-0.02018543793799378	0.19510460131352056
Count_Loss	AC0356:DMRT/DMRTA:DM	-0.41394244287922183	0.6610389976724093	0.06801738071692558	-6.085833334305618	1.1588694607813356e-9	7.008931642610195e-9	-0.17977291876799803	8.154348175625238
Count_Loss	AC0357:FOXP:Forkhead	-0.3944971402226656	0.674018891033725	0.07489906909785309	-5.267049977714256	1.386334744988821e-7	5.891922666202489e-7	-0.17132793112531705	6.229742962077529
Count_Loss	AC0359:SRF/MEF2B:MADS_box	-0.19511076414944065	0.8227435225223566	0.06003135928131636	-3.2501473643986807	0.001153452209073	0.00265758769050152	-0.08473552823002888	2.5755123964668987
Count_Loss	AC0360:MYRF:Ndt80/PhoG	0.186564354239602	1.2051021730242917	0.05543453356128094	3.365489745365344	7.64079072745562e-4	0.00182047627559454	0.08102386956610269	2.7398149764089794
Count_Loss	AC0361:MEF2A/MEF2C:MADS_box	-0.6288877299470365	0.5331845164863437	0.07549207461310879	-8.330513277983666	8.049260590453899e-17	9.041044484634826e-16	-0.27312247085266034	15.043781393893
Count_Loss	AC0362:DPF/ZBTB:C2H2_ZF	-0.44899269748121545	0.6382707596609625	0.0621614465663201	-7.223009152500735	5.084959025913385e-13	3.8076657467851416e-12	-0.19499505093094793	11.419341182844851
Count_Loss	AC0363:ZBTB:C2H2_ZF	-0.4276348644984439	0.6520494577429147	0.07717007095759677	-5.541460040038316	2.999600310992891e-8	1.440266103522541e-7	-0.18571946192111896	6.841557260255659
Count_Loss	AC0364:ZSCAN:C2H2_ZF	-0.2920822719071943	0.7467071004289142	0.14567614612015925	-2.005010975964958	0.0449618736509812	0.07384077944247304	-0.12684971895105968	1.1317037276677024
Count_Loss	AC0365:ZIM/ZNF:C2H2_ZF	-0.3471875223212496	0.7066727989084169	0.04726905130005698	-7.344922581952287	2.0587822977259397e-13	1.6187175815870202e-12	-0.15078162512978077	11.790828916198674
Count_Loss	AC0366:ZNF:C2H2_ZF	-0.02379606501809036	0.9764848288694536	0.05446367126737193	-0.43691628684506434	0.662172059868458	0.7268869557718325	-0.01033449972836764	0.1385331246318175
Count_Loss	AC0367:ZNF:C2H2_ZF	-0.2463476016271411	0.7816504747209383	0.04307456738808285	-5.7190963616107355	1.0709205178660526e-8	5.5670165763450176e-8	-0.1069874040167679	7.254377485536163
Count_Loss	AC0368:ZNF:C2H2_ZF	-0.05249479577680027	0.9488592591183216	0.03690035158604075	-1.4226096370490633	0.15484934875904924	0.21789762946183883	-0.02279820013450248	0.6617474944772075
Count_Loss	AC0369:ZNF:C2H2_ZF	-0.29236132552996125	0.7464987581780756	0.06057845496277975	-4.826160153962198	1.3919059208666871e-6	5.164047986475272e-6	-0.12697091039958247	5.287009730742452
Count_Loss	AC0370:ZNF/ZNF280A:C2H2_ZF	-0.2653283915443403	0.766954047392719	0.04258941885311845	-6.229913407820839	4.666930571900937e-10	3.02628796878937e-9	-0.1152306563399724	8.519089748716748
Count_Loss	AC0371:REST:C2H2_ZF	-0.14073479915794873	0.8687196663382148	0.04304002880909576	-3.2698583865307933	0.00107601337557809	0.00248828093102434	-0.06112034668605954	2.6041005886492146
Count_Loss	AC0372:ZNF:C2H2_ZF	0.8363425848070015	2.3079105347939493	0.4105145286178436	2.037303253609253	0.04161966199880007	0.06943970131895291	0.36321896956238314	1.1583921558587762
Count_Loss	AC0373:ZBTB:C2H2_ZF	0.2809541667275069	1.3243929012834348	0.29188450765905166	0.9625525142831068	0.33577213745532175	0.4108962538120572	0.12201684427748244	0.38626781823233225
Count_Loss	AC0374:CDC5L:Myb/SANT	0.1623323065508209	1.1762510523129706	0.08854797907451244	1.833269468682278	0.06676250743837965	0.1039445969770812	0.0705000249696486	0.983198080300993
Count_Loss	AC0375:ZBTB/BANP:C2H2_ZF	-0.7455806920587715	0.4744587055273985	0.12428997491479366	-5.998719466874947	1.9887959558180124e-9	1.1582894964903054e-8	-0.3238015803747321	7.936182881873489
Count_Loss	AC0376:ZBED:BED_ZF	0.10298745454110866	1.1084775026298348	0.1017653740735244	1.0120088043571809	0.3115338437770094	0.3871243232665845	0.04472688321246548	0.4121495408262319
Count_Loss	AC0377:ZNF385D:C2H2_ZF	-0.00248823009227892	0.9975148629862548	0.10984559124883728	-0.02265207063834038	0.9819278081033868	0.986633532423371	-0.00108062459878235	0.00584412838435923
Count_Loss	AC0378:FOXH:Forkhead	-0.5434469713673072	0.5807429938535351	0.06355847058869496	-8.550346890568026	1.2271912407309376e-17	1.4844294046533844e-16	-0.236016020871856	15.828440451418226
Count_Loss	AC0379:FOXK/FOXC:Forkhead	-0.096693650864056	0.9078340777228932	0.05996246827635116	-1.6125695563168032	0.1068380570156602	0.1548413314812218	-0.04199351900533911	0.8101131028370584
Count_Loss	AC0381:SRY:Sox	-0.34692040570885696	0.7068615881657823	0.07346941873241114	-4.7219701978642785	2.335709139289852e-6	8.253713756254589e-6	-0.15066561785899393	5.083350596790652
Count_Loss	AC0382:FOXA/FOXB:Forkhead	-0.01277247643484338	0.9873087454729136	0.06829668219574013	-0.18701459608589943	0.8516491888238377	0.8913266884695406	-0.00554701603589179	0.04996308945835858
Count_Loss	AC0383:FOXJ:Forkhead	-0.06314070470059173	0.9388113692228728	0.06723424890829281	-0.9391151939053464	0.3476716041386652	0.42380899031631863	-0.0274216596349497	0.37282983478106496
Count_Loss	AC0384:FOXO/FOXJ:Forkhead	-0.1792071406611743	0.8359327258044881	0.05537956874406416	-3.235979346270777	0.0012122615524699	0.00278289239599842	-0.07782867230680786	2.555503585878525
Count_Loss	AC0385:FOXC/TBP:Forkhead	-0.19445157294633683	0.8232860466087212	0.09256790345292688	-2.1006371073880956	0.03567283405651302	0.06048035747047625	-0.08444924512800173	1.2183856505922257
Count_Loss	AC0386:FOXR:Forkhead	-0.33685487786899615	0.7140124513928875	0.07109198475153317	-4.73829615316418	2.1552268183866784e-6	7.658969880029496e-6	-0.14629421466069883	5.1158296383965345
Count_Loss	AC0387:FOXA/FOXO:Forkhead	-0.32761642110585343	0.720639388757063	0.06823583137793268	-4.8012373336716445	1.5768824620902732e-6	5.800345430729719e-6	-0.1422820038671642	5.23654614192109
Count_Loss	AC0388:ZKSCAN:C2H2_ZF,MADF	-0.46242102528109025	0.6297571404409098	0.04987704211472835	-9.271219897471436	1.8402893866536945e-20	2.8232732297687164e-19	-0.2008268995956216	18.54924708981669
Count_Loss	AC0389:FOXN:Forkhead	0.3168046401012808	1.372734368481018	0.07192797388505108	4.404470513900057	1.0604256252916929e-5	3.455998540458419e-5	0.13758650703733188	4.461426449604889
Count_Loss	AC0390:CREB/JUND:bZIP	0.09239817320470328	1.0968014520969669	0.07433305539156412	1.2430293994774944	0.213856999970806	0.28499163767295965	0.04012801676074353	0.545167883029281
Count_Loss	AC0391:FOXN:Forkhead	-0.130547173246198	0.8776150920194352	0.19703807687071948	-0.6625479466684632	0.5076201174379696	0.5880671186270258	-0.05669591696889161	0.23057310319967375
Count_Loss	AC0393:IRX:Homeodomain	-0.01422119518692066	0.9858794483540084	0.07930782138476064	-0.1793164272906547	0.8576892487919854	0.8917132851077004	-0.00617618659574872	0.0497747630138658
Count_Loss	AC0394:PAX:Homeodomain,Paired_box	-0.2055976461259689	0.8141605910579787	0.06041978792743759	-3.4028197247710583	6.669427069116564e-4	0.00162599597925361	-0.08928992320480576	2.788880532659619
Count_Loss	AC0395:SOX:Sox	-0.19914692115140303	0.8194294929638619	0.16692437340524346	-1.193036805164053	0.23285495904338505	0.30641374317633724	-0.08648840894407633	0.5136917597581201
Count_Loss	AC0396:POU2F:Homeodomain,POU	-0.14660115258255285	0.8636383686649242	0.06756090498538851	-2.1699110249375506	0.0300135869679364	0.05130039729030434	-0.06366807160725935	1.2898792715291432
Count_Loss	AC0397:POU2F/POU3F:Homeodomain,POU	-0.05582730687534679	0.9457024380984336	0.06136751603788416	-0.9097208177838384	0.36296976251004087	0.43989976997845026	-0.02424549131548258	0.3566462651136483
Count_Loss	AC0398:POU6F:Homeodomain	-0.07086949898700971	0.9315834567800592	0.07010157119157141	-1.0109545019089476	0.31203820651217545	0.3871243232665845	-0.03077823234530641	0.4121495408262319
Count_Loss	AC0399:FOXL:['Fork_head/winged_helix_factors']	-0.38381841265622074	0.6812551232566544	0.0787786262647889	-4.872113552299568	1.1041067606739747e-6	4.158581751281018e-6	-0.16669021866946188	5.381054756539316
Count_Loss	AC0400:GMEB:SAND	0.38760622237508663	1.473449458607766	0.12940970312808822	2.9951867055242256	0.00274276899626899	0.00586803298861631	0.16833524352886484	2.231507453326751
Count_Loss	AC0401:GMEB:SAND	0.5685216843331744	1.7656549257973104	0.16422800462086	3.461782816187013	5.366099925515367e-4	0.00132363798162712	0.24690583034824004	2.878230779307283
Count_Loss	AC0402:CEBPB/CEBPE:bZIP	-0.30744698096853723	0.7353218525667541	0.07534383262529216	-4.080585898749865	4.492232408115014e-5	1.3328368795775206e-4	-0.1335225273124498	3.875222998848886
Count_Loss	AC0403:DBP/HLF:bZIP	-0.4919532034043942	0.611430978051147	0.09197613067182232	-5.348705145683066	8.85857256849481e-8	3.86947371221058e-7	-0.21365256159315643	6.412348099432158
Count_Loss	AC0404:TIGD:CENPB	-0.34975525991412143	0.7048605762486319	0.08458088192048212	-4.1351574016802095	3.547114286254597e-5	1.072661002910645e-4	-0.15189677939734053	3.969537508068349
Count_Loss	AC0405:ZNF:C2H2_ZF	1.098662300571595	3.000150039462304	2.581996631124882	0.4255088048247947	0.6704658044128904	0.731401253679546	0.4771429746133755	0.1358442995822754
Count_Loss	AC0406:ZNF:C2H2_ZF	0.04066154965735612	1.04149955000801	0.05493146018526554	0.7402233532518204	0.4591644795638632	0.5378295300664245	0.01765908664182482	0.26935535608665867
Count_Loss	AC0407:RXRG/RARB:Nuclear_receptor	0.0581330206115169	1.0598559690230207	0.06432131956888366	0.9037908581657824	0.3661063101433723	0.44284782515419463	0.02524685006794979	0.3537454838208933
Count_Loss	AC0408:RORC/RORA:Nuclear_receptor	-0.06591850810477924	0.9362071544783984	0.04920446758682084	-1.339685425687548	0.18034763777489973	0.24714305917301077	-0.0286280443252004	0.607051581865915
Count_Loss	AC0409:NR2E:Nuclear_receptor	0.06057399475755463	1.0624462101115633	0.06271683894740052	0.9658330326303108	0.33412773641905785	0.4096809867594296	0.02630695167004248	0.3875541911287982
Count_Loss	AC0410:RARA/RARG:Nuclear_receptor	0.12618862734443398	1.1344961450965716	0.04364590598519813	2.8911904678351505	0.00383785444502869	0.00794082383527319	0.05480302453463347	2.100134438561208
Count_Loss	AC0411:NR1I/VDR:Nuclear_receptor	0.09246623805567744	1.096876108265053	0.04725280768965	1.9568411397473584	0.05036614856255574	0.08123155755345528	0.04015757694993318	1.0902752194187912
Count_Loss	AC0412:NR1I/NR1H:Nuclear_receptor	0.10328479484811356	1.1088071466765772	0.0433767868858475	2.3811075522934178	0.01726067159346571	0.03137850413956628	0.04485601646704513	1.503367763726028
Count_Loss	AC0413:THRB/RARA:Nuclear_receptor	0.15038608587978575	1.1622828971280432	0.0444368134297048	3.3842680037731228	7.136830329588953e-4	0.00172012350435959	0.06531184725261949	2.764440369757424
Count_Loss	AC0414:NR4A/NR2C:Nuclear_receptor	-0.03763328137351852	0.9630660504005388	0.05586666497871058	-0.6736267752488831	0.5005486260272508	0.5830464551317421	-0.01634392643643152	0.23429684077511137
Count_Loss	AC0415:RARA/ESRRA:Nuclear_receptor	0.127487272061047	1.135970409587122	0.04240255908977226	3.006593818810281	0.00264192514643991	0.00571055297976187	0.05536701876901131	2.243321834936098
Count_Loss	AC0416:RXRA/NR2C:Nuclear_receptor	0.2821302829245806	1.325951457567913	0.04182204346593008	6.7459707738675005	1.5200721763488858e-11	1.0865061351402831e-10	0.12252762505194856	9.963967817019435
Count_Loss	AC0417:NR2E:Nuclear_receptor	-0.03300900456807384	0.9675298473614332	0.05580260553782793	-0.5915316005396456	0.5541642882764208	0.6326122274516673	-0.0143356285370337	0.19886241807400085
Count_Loss	AC0418:ZNF:C2H2_ZF	-0.16772283054263876	0.8455881734225668	0.03384894425383562	-4.955038753494744	7.23158745488062e-7	2.8252599435527393e-6	-0.07284109979386219	5.548941587895171
Count_Loss	AC0419:ESR/ESRRA:Nuclear_receptor	0.01721391230604828	1.0173629254998942	0.05376755023868587	0.32015429807815254	0.7488513660779379	0.7997071464567452	0.00747590712648324	0.09706902296127674
Count_Loss	AC0420:THRA/THRB:Nuclear_receptor	0.10635848444839202	1.112220518807904	0.06233530971858372	1.706231747761476	0.08796493994287417	0.13018811111545378	0.04619090289952948	0.8854286740835302
Count_Loss	AC0421:THRB:Nuclear_receptor	0.1695782807907428	1.184805090882433	0.06010234891407867	2.8214917362575815	0.00478008690347169	0.00969895052349578	0.0736469115980598	2.0132752560958944
Count_Loss	AC0422:ESRRA/NR5A:Nuclear_receptor	-0.1305236891020789	0.8776357023007437	0.04937211535324893	-2.643672205823156	0.00820120360447105	0.01582379468470029	-0.05668571793468847	1.8006893607241574
Count_Loss	AC0423:NR2E:Nuclear_receptor	-0.3641245791919009	0.6948046311515336	0.04850586584174939	-7.506815369090802	6.058307722626482e-14	4.948929295496178e-13	-0.15813729546838615	12.30548875083528
Count_Loss	AC0424:NR4A:Nuclear_receptor	-0.5439997199526584	0.5804220776863794	0.12650948263887568	-4.300070703043806	1.707436265882538e-5	5.451661985990438e-5	-0.23625607653235384	4.263471079134124
Count_Loss	AC0425:NR2E:Nuclear_receptor	-0.07191043363679464	0.9306142438119268	0.05777561927907955	-1.2446501575247204	0.21326037468216383	0.28499163767295965	-0.0312303045197299	0.545167883029281
Count_Loss	AC0426:HNF4A/ZNF:Nuclear_receptor	0.02420590220690981	1.024501243241844	0.05635590128055697	0.4295185004034521	0.6675459333428961	0.731401253679546	0.01051248975795067	0.1358442995822754
Count_Loss	AC0427:NR6A:Nuclear_receptor	0.03083767452132545	1.0313180810972182	0.04724168991472791	0.6527640009700756	0.5139084349091187	0.590947724968621	0.01339263187934014	0.22845093495931765
Count_Loss	AC0428:NKX:Homeodomain	-0.4432132635000066	0.6419702836583361	0.11618124448391354	-3.814843484150955	1.362692747769737e-4	3.631922620115104e-4	-0.1924850746443848	3.439863412908389
Count_Loss	AC0429:GLI:C2H2_ZF	-0.2450594459517113	0.7826580110086252	0.1917997181316436	-1.2776840776351526	0.20136084160725376	0.2723784287547583	-0.1064279651150964	0.5648272897244899
Count_Loss	AC0430:TCF7L/LEF:Sox	-0.2171033104478151	0.8048468159247931	0.0545825789866588	-3.977520199272373	6.963770886128572e-5	1.9730684177364288e-4	-0.09428676973041472	3.704857854975776
Count_Loss	AC0431:LEF:Sox	-0.33366118589224325	0.7162964324548786	0.04332825150979106	-7.700776612618316	1.3524173839208741e-14	1.181486853453097e-13	-0.14490721185829636	12.927571106451875
Count_Loss	AC0432:BCL11A/BCL11B:C2H2_ZF	0.07551746961487989	1.0784420675210789	0.06234613302839419	1.211261484019981	0.22579520522109445	0.29837223547073194	0.03279682034103882	0.5252415918657697
Count_Loss	AC0433:HNF4A/HNF4G:Nuclear_receptor	-0.27872880041627307	0.7567451043458451	0.04709208932315127	-5.918803018137597	3.242930814444037e-9	1.8051358250312383e-8	-0.1210503799683002	7.743490114621328
Count_Loss	AC0434:NR2F/RXRG:Nuclear_receptor	0.12014560767007385	1.1276610357218948	0.04053515623164357	2.9639853115030736	0.00303682782051749	0.0064315309734192	0.05217857443602607	2.191685634515061
Count_Loss	AC0435:ZNF:C2H2_ZF	-0.2771263667214974	0.7579587103012522	0.04922498396544693	-5.629790898784729	1.8042822550756113e-8	9.152367245504513e-8	-0.12035445185704326	7.038466561814142
Count_Loss	AC0436:BPTF/FOXC:Unknown	-0.3231249857644761	0.7238833735967883	0.0699227429892964	-4.621171480843354	3.815792027510892e-6	1.3408565281029896e-5	-0.14033139828257876	4.872617689252503
Count_Loss	AC0437:CEBPA:bZIP	-0.21877056293607897	0.8035060510756172	0.05410093433660774	-4.043748331127185	5.2603383848811105e-5	1.5534050911221683e-4	-0.09501084828600716	3.808715275824563
Count_Loss	AC0438:HSF:HSF	-0.06041142020149547	0.9413771523237824	0.06101337186612063	-0.9901341026366154	0.32210857659187386	0.39726724446331113	-0.02623634643744811	0.400917241980336
Count_Loss	AC0439:ZNF/DMRT:C2H2_ZF	-0.291064304585346	0.7474676108778617	0.07293257618341795	-3.990868276109555	6.58318381503221e-5	1.8821920998432997e-4	-0.1264076213604231	3.725336053786352
Count_Loss	AC0440:POU3F/GFI:Homeodomain,POU	0.1086155018740882	1.1147336549292268	0.04359179245885702	2.491650279731032	0.01271511646512659	0.0236621546052208	0.04717111311306881	1.625945712347385
Count_Loss	AC0441:WT/HOXB:Homeodomain	-0.01104051894144863	0.9890202039117448	0.06087599429569008	-0.18136079860678825	0.856084386764712	0.8917132851077004	-0.00479483645361947	0.0497747630138658
Count_Loss	AC0442:ZNF:C2H2_ZF	0.00352434031843368	1.0035305581081635	0.06920183165144167	0.05092842536575057	0.9593825547283332	0.9728396692115407	0.00153060155264489	0.01195872860545242
Count_Loss	AC0443:CTCF/ZNF:C2H2_ZF	-0.179105287191369	0.8360178727893194	0.04986835731694794	-3.591561800462584	3.287022062563559e-4	8.543540815506111e-4	-0.07778443790690873	3.068362101449749
Count_Loss	AC0444:ZNF:C2H2_ZF	-0.27797136481705353	0.7573185071578491	0.09648014441371013	-2.8811250906207495	0.00396258340225155	0.00814531032685041	-0.12072142986716206	2.0890923649255964
Count_Loss	AC0445:ZNF:C2H2_ZF	-0.26964737503742	0.7636487284690262	0.04673881969886447	-5.769238007607862	7.963077225810602e-9	4.2810047649870686e-8	-0.11710636703844814	7.368454288772456
Count_Loss	AC0446:ZNF:C2H2_ZF	-0.33215735043207095	0.717374434795912	0.04418021572052601	-7.518237405928997	5.551962106565786e-14	4.656245553373173e-13	-0.1442541044162531	12.331964124650488
Count_Loss	AC0447:ZFP:C2H2_ZF	-0.06522071900700827	0.9368606576012094	0.03561449692321218	-1.8312969335950344	0.06705623509667526	0.10414412808841664	-0.02832499837050622	0.982365211656602
Count_Loss	AC0448:ZNF:C2H2_ZF	-0.25184138513379634	0.7773680304168236	0.03478345335541299	-7.240264000256457	4.478121876491379e-13	3.3936610365217807e-12	-0.10937332387847938	11.469331537775467
Count_Loss	AC0449:ZNF:C2H2_ZF	-0.3030844752038192	0.7385367056965455	0.04146361263693517	-7.309649495756576	2.6784011660005017e-13	2.054529674895507e-12	-0.13162791513156163	11.687287581561858
Count_Loss	AC0450:FEZF:C2H2_ZF	-0.370851280334384	0.6901465722944532	0.04367363689404566	-8.491421981505388	2.0412393982289303e-17	2.4225275122377303e-16	-0.1610586646559789	15.615731282039764
Count_Loss	AC0451:ZNF:C2H2_ZF	-0.06222704716535342	0.939669513269722	0.0369651080666238	-1.683399573814283	0.09229776572035268	0.13596087737260382	-0.02702486320904637	0.8665860415231427
Count_Loss	AC0452:ZNF354A/ZNF:C2H2_ZF	-0.10363918229058064	0.9015505341407466	0.04211037775059495	-2.461131621862888	0.01384995453426155	0.02554727683885782	-0.04500992497776438	1.5926553858183667
Count_Loss	AC0453:ZNF:C2H2_ZF	-0.00408407390623257	0.995924254581692	0.04104386678166297	-0.09950509604658413	0.9207372419227482	0.9401683850152736	-0.00177369076116186	0.02679435689618363
Count_Loss	AC0454:ZNF:C2H2_ZF	0.12382991161235918	1.131823344618608	0.04876474750008806	2.5393325703600853	0.01110641911378291	0.02097879165936772	0.05377864730781499	1.6782195300024052
Count_Loss	AC0455:NFATC/PRDM:Rel	-0.2624325828188029	0.7691782184479489	0.0455479825895212	-5.7616730291624	8.328422254905985e-9	4.4021660490217347e-8	-0.1139730225898242	7.356333579953098
Count_Loss	AC0456:ZNF/PRDM:C2H2_ZF	0.03465256924664706	1.0352599651606282	0.02999654349592008	1.1552187421647515	0.24800086156487644	0.320972308486229	0.01504941960758914	0.4935324342318498
Count_Loss	AC0457:ZNF/ZFP:C2H2_ZF	-0.08387048233828404	0.9195503463935047	0.02764585154962058	-3.033745666605632	0.00241537963904048	0.00527525622554327	-0.03642448767408089	2.277756441312339
Count_Loss	AC0458:ZFP:C2H2_ZF	-0.06388124816928464	0.9381163959557776	0.03469750921612074	-1.841090314909547	0.06560832472589825	0.10291181110371572	-0.02774327357701252	0.9875347787574544
Count_Loss	AC0459:ZNF:C2H2_ZF	-0.07919561927269357	0.923859182106046	0.04557551167707388	-1.7376792132107166	0.08226735342200432	0.12379465383359024	-0.03439422044104164	0.9072981102488972
Count_Loss	AC0460:ZNF:C2H2_ZF	0.07861457571088887	1.0817872946102265	0.04983278147551761	1.5775674843578915	0.114665007246073	0.16542268247197228	0.03414187642840444	0.7814049409925693
Count_Loss	AC0461:ZNF:C2H2_ZF	0.13098966763022102	1.1399560028041875	0.0394500387524139	3.3203938899098273	8.989052310392397e-4	0.002117645656643	0.05688808983814598	2.6741467081751793
Count_Loss	AC0462:ZNF:C2H2_ZF	-0.00584293570405616	0.9941741010470674	0.04426255582511929	-0.13200628827538824	0.8949793179540456	0.9198398545638802	-0.00253755473438708	0.03628777736450898
Count_Loss	AC0463:ZNF:C2H2_ZF	0.07115093063089221	1.0737432743888269	0.04121148060159385	1.7264832418600475	0.08426051162416409	0.12619014717047433	0.03090045655527754	0.898974553146888
Count_Loss	AC0464:ZNF:C2H2_ZF	-0.16790453183919649	0.845434542912956	0.03944707533477402	-4.2564507105849385	2.0769779931663307e-5	6.470235822148574e-5	-0.07292001166431188	4.189079890213615
Count_Loss	AC0465:ZIK:C2H2_ZF	-0.2000772580959615	0.8186675019422566	0.04030271326601607	-4.964361996557439	6.892727673725014e-7	2.709703566733146e-6	-0.08689244914540879	5.567078217012544
Count_Loss	AC0466:ZNF:C2H2_ZF	0.14453004633740774	1.1554964128772718	0.04028390597803915	3.5877863089095325	3.3349743620520264e-4	8.632505653212859e-4	0.06276860159355746	3.06386312856978
Count_Loss	AC0467:PAX:Homeodomain,Paired_box	-0.22583444950595935	0.7978501752236299	0.06268012909446934	-3.6029672045759424	3.1460523484586305e-4	8.211066087885804e-4	-0.0980786552440967	3.0856004523777503
Count_Loss	AC0468:ZNF780A:C2H2_ZF	0.09369981742014669	1.0982300269089484	0.03895557351944009	2.405299395050298	0.01615922104978297	0.02946130446467679	0.04069331366091188	1.5307480277150858
Count_Loss	AC0469:ZNF:C2H2_ZF	-0.01387250561631268	0.986223274176282	0.03564872339266913	-0.38914452737921734	0.6971692362102376	0.7541776882145522	-0.00602475263933646	0.12252632001927954
Count_Loss	AC0470:ZNF:C2H2_ZF	-0.06967328440961232	0.9326984972720052	0.03830516129500379	-1.8189006925993525	0.06892658216994911	0.10642801467253062	-0.03025872295517049	0.9729440391813482
Count_Loss	AC0471:ZNF:C2H2_ZF	-0.07218681126373062	0.93035707839465	0.03735248635415717	-1.9325838333569605	0.05328748556160429	0.08572334633823299	-0.03135033379802971	1.066900883968718
Count_Loss	AC0472:ZNF:C2H2_ZF	0.1529398665573329	1.1652549060468114	0.04283652101914559	3.5703148369349864	3.565524208601394e-4	9.132595239890966e-4	0.06642094010886936	3.0394057900228697
Count_Loss	AC0473:ZNF:C2H2_ZF	-0.00631093883975763	0.9937089333088146	0.03468266353140814	-0.1819623465205471	0.8556122756555422	0.8917132851077004	-0.00274080591373564	0.0497747630138658
Count_Loss	AC0474:ZNF:C2H2_ZF	-0.10145672935569248	0.9035202744007986	0.0353522295660467	-2.869882058390299	0.00410624929067139	0.00838581429815685	-0.04406209771112891	2.0764547591729383
Count_Loss	AC0475:ZNF:C2H2_ZF	-0.2111056486776248	0.8096885198409808	0.04018606577768184	-5.253205174288713	1.494748631150755e-7	6.310046234857883e-7	-0.09168201831929897	6.199967458589449
Count_Loss	AC0476:THAP:THAP_finger	-0.3035912848077316	0.738162503034018	0.06337578568939627	-4.790335638529639	1.6650256324021365e-6	6.088960016168278e-6	-0.13184801974591637	5.215456877779029
Count_Loss	AC0477:ZNF:C2H2_ZF	-0.3291187622203088	0.7195575554194658	0.04220690781825777	-7.797746369800143	6.302251441947805e-15	5.916591279082342e-14	-0.14293446232310852	13.227928430954544
Count_Loss	AC0478:ZNF/PAX:C2H2_ZF	-0.05042689156016658	0.9508234393495952	0.04426120613422058	-1.1393022460176248	0.25457711192800603	0.32746217464768057	-0.021900120744114	0.4848388583913368
Count_Loss	AC0479:PAX:Homeodomain,Paired_box	-0.801664651128515	0.4485816103642439	0.05751265228990127	-13.938926813661842	3.6742341612546916e-44	1.359466639664236e-42	-0.34815853432200955	41.866631445220655
Count_Loss	AC0480:ZFP:C2H2_ZF	0.01495615772489445	1.0150685607250598	0.03954474138659403	0.3782085101703233	0.7052757039968731	0.7609235296981701	0.00649537677039635	0.11865898619767631
Count_Loss	AC0481:ZNF:C2H2_ZF	-0.04796069541816454	0.9531712503386732	0.04056025120661402	-1.1824555812993522	0.2370249803722848	0.3106014846961815	-0.02082906536835143	0.5077964726453938
Count_Loss	AC0482:ZNF:C2H2_ZF	-0.06150575793902663	0.9403475312600916	0.04025612416777702	-1.5278608959642184	0.1265470788879298	0.18173085073175305	-0.02671161127819638	0.7405713403570897
Count_Loss	AC0483:ZNF:C2H2_ZF	-0.06801172327877782	0.9342495210454306	0.03657020796030461	-1.859757629833596	0.0629198244134731	0.09942338217527062	-0.02953711612470414	1.002511467156859
Count_Loss	AC0484:ZNF:C2H2_ZF	-0.2030292510735043	0.8162543647599808	0.03829404173487278	-5.301849631834868	1.1463524732520858e-7	4.938737710106587e-7	-0.08817448340617277	6.306384038037307
Count_Loss	AC0485:ZNF:C2H2_ZF	-0.14423293679819457	0.865686074429093	0.0475075255767738	-3.0360018764839514	0.00239737872343315	0.00525418542522457	-0.06263956856015637	2.2794946046122164
Count_Loss	AC0486:ZFP/ZFP69B:C2H2_ZF	-0.16742827030552582	0.8458372867630711	0.04057947476366796	-4.1259348791628385	3.692317453527566e-5	1.1112285541956168e-4	-0.07271317390829593	3.9541966074699886
Count_Loss	AC0487:ZNF:C2H2_ZF	0.16658242818157296	1.181260901045538	0.05039253340033771	3.30569663680486	9.474060104510078e-4	0.00222357604691673	0.07234582934130188	2.652948012969473
Count_Loss	AC0488:ZNF:C2H2_ZF	0.114076044580235	1.12083735524965	0.04079209383716789	2.796523390919789	0.00516556716540402	0.01038064455923044	0.04954259667854541	1.9837756792596088
Count_Loss	AC0489:ZNF:C2H2_ZF	0.10338878542409276	1.10892245816596	0.03744388905707417	2.761165787733788	0.00575954312862738	0.01143059464903631	0.04490117900036284	1.9419311758971471
Count_Loss	AC0490:ZNF:C2H2_ZF	-0.12988403612836635	0.8781972641707696	0.0444342841735302	-2.9230590420029574	0.00346610784975491	0.00724312902822538	-0.0564079201778721	2.1400737782609465
Count_Loss	AC0491:ZNF:C2H2_ZF	-0.09068653837677144	0.9133039517733814	0.04238536558440644	-2.139571928338752	0.03238937725120606	0.05521116068024014	-0.03938466319993931	1.2579731227797128
Count_Loss	AC0492:ZNF:C2H2_ZF	-0.20553853429001903	0.8142087190077258	0.04511504812686668	-4.555875319295466	5.2167875222568424e-6	1.783347473641062e-5	-0.08926425126063758	4.748764029128375
Count_Loss	AC0493:ZNF:C2H2_ZF	-0.13208496348939727	0.8762665412535027	0.0419776248689643	-3.1465563833520473	0.0016520540527953	0.00372452329465321	-0.05736377078583771	2.4289293051304677
Count_Loss	AC0494:ZNF:C2H2_ZF	-0.3259388382019873	0.7218493356848735	0.04973722093808741	-6.553217732203293	5.6310319200030955e-11	3.808515137292417e-10	-0.1415534388690799	9.41924431392395
Count_Loss	AC0495:ZNF:C2H2_ZF	0.07825204042796165	1.0813951796293604	0.05321975438382907	1.4703570381703732	0.1414650805231095	0.2008193470662254	0.03398442935553392	0.6971944492991944
Count_Loss	AC0496:ZNF:C2H2_ZF	0.135682241153921	1.145317900872396	0.04524436903593384	2.998875750619041	0.00270977789045875	0.00581723649521692	0.05892604862541419	2.2352832799389692
Count_Loss	AC0497:ZNF:C2H2_ZF	-0.03967113088396385	0.9611054650886108	0.2417233643511165	-0.16411789977546132	0.8696383308885726	0.8981978819850773	-0.01722895323376717	0.04662797336958328
Count_Loss	AC0498:ZNF:C2H2_ZF	0.04378610395089857	1.0447588611944136	0.04265708264268411	1.0264673821618715	0.3046713307958869	0.37948171697151056	0.01901606332991742	0.42080914311410833
Count_Loss	AC0499:ZBTB:C2H2_ZF	0.6150748926384064	1.8497951304086195	0.05607760175650492	10.968280978012022	5.429481267603581e-28	1.2196941847580902e-26	0.2671236318300949	25.913749046801428
Count_Loss	AC0500:ZNF:C2H2_ZF	0.35147790324190886	1.4211663436498048	2.0443525121055024	0.17192627062145838	0.8634954931259897	0.8935909931981253	0.15264491388888607	0.04886121726942463
Count_Loss	AC0501:ZNF:C2H2_ZF	0.21136910747090237	1.2353682545703386	0.6925251416500392	0.305215066946574	0.7602023578020017	0.8104530221312866	0.09179643701942829	0.0912721539437198
Count_Loss	AC0502:ZNF:C2H2_ZF	-0.00146765154378656	0.9985334249300464	0.04468587332013125	-0.0328437475815288	0.9737991914904786	0.982824057818175	-6.373929668232932e-4	0.00752422129065186
Count_Loss	AC0503:ZNF:C2H2_ZF	-0.3533962196450337	0.7022988736325891	0.04730936945192858	-7.46989917090572	8.025629302364305e-14	6.471949783573266e-13	-0.15347802811730768	12.188964861111735
Count_Loss	AC0504:ZNF:C2H2_ZF	-0.13513089137426496	0.8736015572958015	0.11482652806712196	-1.17682641501861	0.2392647971528189	0.31288473473830164	-0.05868660045851099	0.5046156250309983
Count_Loss	AC0505:ZNF:C2H2_ZF	0.06319221222028946	1.0652315700799972	0.04072668446619788	1.55161690789579	0.12075391507853007	0.17380826678351352	0.02744402906653095	0.7599295711952839
Count_Loss	AC0506:ZNF:['C2H2_zinc_finger_factors']	0.23090710491531247	1.2597422101542957	0.04025608622142977	5.735955145892753	9.696432264572356e-9	5.0825465786800096e-8	0.10028168149697544	7.293918632607089
Count_Loss	AC0507:PAX:Paired_box	0.04949183438123732	1.0507370122619322	0.05669786643155245	0.8729047051706171	0.3827150214647269	0.4587777455054502	0.021494030571041	0.33839765711469505
Count_Loss	AC0508:FOSL:bZIP	0.2900918946743994	1.336550304237334	0.05989135929549238	4.843635176873213	1.2748491799963986e-6	4.773096037010325e-6	0.12598530910195097	5.321199827329955
Count_Loss	AC0509:MBNL:CCCH_ZF	-0.05922642400399346	0.9424933418792768	0.04509330075287271	-1.3134195770803136	0.18904160427294373	0.25793312166525295	-0.02572170912779665	0.5884928857300826
Count_Loss	AC0510:ZNF:C2H2_ZF	-0.07186492059355748	0.9306565998621116	0.0394268776690633	-1.8227393301789911	0.06834288045070072	0.10588096503322846	-0.03121053845619737	0.97518210905282
Count_Loss	AC0511:ZNF:C2H2_ZF	-0.02380094065095383	0.9764800678995376	0.0461305882779388	-0.5159470438042569	0.605891395955843	0.6769195169737571	-0.01033661718881603	0.16946296412432058
Count_Loss	AC0512:ZNF:C2H2_ZF	-0.09097488097771517	0.913040645299536	0.0513097953791144	-1.7730509409660673	0.07622026616114183	0.11664853385731926	-0.03950988880042681	0.9331207154358304
Count_Loss	AC0513:NR3C/AR:Nuclear_receptor	-0.18671505021374388	0.8296801198779118	0.04870216204628248	-3.8338144010178734	1.2617135518097473e-4	3.391529162770646e-4	-0.08108931599611754	3.46960444421125
Count_Loss	AC0514:NR3C/AR:Nuclear_receptor	-0.2938665723043756	0.7453759386025001	0.06995338574355328	-4.200891339007955	2.65866179728662e-5	8.15755253899163e-5	-0.12762463076761327	4.088440120442855
Count_Loss	AC0515:NR3C:Nuclear_receptor	-0.00537725394326896	0.9946371776077576	0.1866061570380303	-0.02881605853001454	0.9770112933435088	0.9832641656209072	-0.00233531171535421	0.00732978811000096
Count_Loss	AC0516:ZNF:C2H2_ZF	-0.1809115117757197	0.8345091996659372	0.03963329146404618	-4.564635060397035	5.003639865945119e-6	1.7198303145789508e-5	-0.07856887127697022	4.7645144002304445
Count_Loss	AC0517:ZNF585A:C2H2_ZF	-0.2828891230613998	0.7536033404589124	0.05431995596401439	-5.207830493250156	1.910613374071879e-7	8.011838748608078e-7	-0.12285718513601586	6.096267800179066
Count_Loss	AC0518:NKX/MSANTD:['Homeo_domain_factors']	0.18568562006583336	1.2040436736998488	0.05313025988534648	3.4949127007196537	4.742168360919881e-4	0.00118837605538589	0.08064224016337515	2.9250461073888547
Count_Loss	AC0519:NKX:Homeodomain	0.01531145626517827	1.0154292771801938	0.0561238487749563	0.2728155071220023	0.7849950386285189	0.8340572285428014	0.00664968096586989	0.07880414937706837
Count_Loss	AC0521:ZNF:C2H2_ZF	0.04510070838627508	1.046133208991166	0.03932570390716685	1.146850632165182	0.2514433590539484	0.32475949249473	0.01958698878208697	0.48843814594290774
Count_Loss	AC0522:ZKSCAN:C2H2_ZF	-0.16060635351556957	0.8516272452038902	0.04601973636662595	-3.489945101729074	4.8311978221538264e-4	0.00120588231354553	-0.06975045309041479	2.9186950745107265
Count_Loss	AC0523:NKX:Homeodomain	0.7713847997588436	2.1627591693884325	0.07626337873780865	10.114747242065455	4.7524210619578114e-24	8.791978964621949e-23	0.3350081619593106	22.05591335966095
Count_Loss	AC0525:NFYA/NFYB:CBF/NF-Y	0.06353911640475604	1.0656011674728183	0.05185181535008523	1.2253981075833558	0.2204252596094208	0.2925052495660879	0.02759468763959393	0.5338663352668399
Count_Loss	AC0526:GFI/GFI1B:C2H2_ZF	1.8355388045403864	6.2685107377393505	0.04687562538994737	39.157638735930846	0	9.947254854797038e-253	0.7971643741311814	252.00229675502356
Count_Loss	AC0527:PBX/PKNOX:Homeodomain	-0.08771034874703401	0.9160261664275786	0.04824035143542549	-1.8181946469532468	0.06903438789569553	0.10642801467253062	-0.03809212046664666	0.9729440391813482
Count_Loss	AC0528:ANHX:Homeodomain	0.26551478037857235	1.3041021292030086	0.05502190744693706	4.825619334164921	1.3956886449933167e-6	5.164047986475272e-6	0.11531160398216776	5.287009730742452
Count_Loss	AC0529:ZNF:C2H2_ZF	0.13294478772426646	1.1421869338500126	0.06029391466334135	2.204945365823075	0.02745792856096629	0.04771004714046353	0.05773718770644809	1.3213901543311792
Count_Loss	AC0530:ZNF:C2H2_ZF	-0.0265054589676362	0.9738427276450916	0.04610198631133869	-0.5749309539211164	0.5653379944691352	0.6407163937316865	-0.01151117456995746	0.19333416376196483
Count_Loss	AC0531:ZNF:C2H2_ZF	-0.02560191460389284	0.9747230353914894	0.049044532312685483	-0.5220136352950978	0.6016608369195651	0.6733890861608656	-0.01111877023862893	0.17173392664487433
Count_Loss	AC0532:ZNF:C2H2_ZF	0.00540989919283922	1.0054245591218012	0.05159289999859479	0.10485743567402817	0.9164889341204618	0.9373520968484071	0.00234948936710293	0.0280972447628825
Count_Loss	AC0533:POU3F/POU1F:Homeodomain,POU	0.3070548585413781	1.3594155415802027	0.06061948122077081	5.065283508829634	4.077929844531496e-7	1.633769345356886e-6	0.13335223070610408	5.786809256928152
Count_Loss	AC0534:POU3F:Homeodomain,POU	0.35715388581739355	1.4292557951280505	0.3221068401433249	1.1088056548518934	0.2675140304842808	0.3399319700497225	0.15510996180079809	0.468607988805417
Count_Loss	AC0535:POU4F/POU5F:Homeodomain,POU	0.17367717182814493	1.1896714443635927	0.06249938543140907	2.778862074071907	0.00545496817449473	0.01089261898970535	0.07542703735752625	1.9628676871837911
Count_Loss	AC0536:POU3F/POU2F:Homeodomain,POU	-0.06381214526814304	0.9381812247602502	0.0588292995990507	-1.0847000678752383	0.27805451780626633	0.35119737289185043	-0.02771326256836322	0.4544487414642267
Count_Loss	AC0537:POU4F:Homeodomain,POU	0.33244250532442565	1.3943697280450895	0.06184482884037565	5.37542930521281	7.640042448868369e-8	3.384215986153665e-7	0.14437794561249043	6.470541927370202
Count_Loss	AC0538:POU3F:Homeodomain,POU	0.08032161657677939	1.083635526785443	0.07692087290893014	1.044210934421864	0.2963878091178497	0.3713703823408913	0.03488323485684404	0.4301927352188093
Count_Loss	AC0539:IRX:Homeodomain	-0.33788075004815116	0.7132803414732395	0.063819922881088	-5.294283270722608	1.1948409928899732e-7	5.112618942365939e-7	-0.14673974528724393	6.291356575236472
Count_Loss	AC0540:ASCL:bHLH	-0.11025755385812448	0.8956034394683186	0.07294533724404821	-1.5115092756270816	0.1306587471556558	0.18678261809297156	-0.04788424722873405	0.728663541476073
Count_Loss	AC0541:CREB3L/XBP:bZIP	0.03687466291295303	1.0375629675680955	0.06818372903484027	0.5408132326425115	0.5886363211101884	0.6645389738112739	0.01601446262513799	0.17747954351759995
Count_Loss	AC0542:ZBTB:C2H2_ZF	0.13406237644496097	1.1434641426483447	0.14168668090714767	0.9461889825255828	0.3440522045793666	0.4202113333600419	0.05822255032088302	0.37653223858082274
Count_Loss	AC0543:PROX:Prospero	0.20673963252709496	1.229662366014213	0.06705368341366444	3.083195761993961	0.00204790389999306	0.00453567448273111	0.08978588159722337	2.343358121537211
Count_Loss	AC0544:GMEB:SAND	0.301504681241396	1.3518914436534823	0.1330210070702791	2.2665944867046584	0.02341500920218096	0.04148743883992063	0.13094181933113716	1.3820833748124342
Count_Loss	AC0545:CREB:bZIP	-0.04634556757062013	0.9547119876775292	0.3906867888940256	-0.1186258887888616	0.9055717538848068	0.9276948423347614	-0.02012762425659461	0.03259485792422523
Count_Loss	AC0546:ZNF:C2H2_ZF	-0.9597776294328488	0.382978039550798	0.23450213712383444	-4.092831055633473	4.2613820687695835e-5	1.2703361712114065e-4	-0.4168261283168702	3.8960813357506354
Count_Loss	AC0547:ATF/CREB:bZIP	-0.1348477621150282	0.873848934475793	0.0804642502135059	-1.6758717288388283	0.09376332040608054	0.13747582409189898	-0.05856363898355911	0.8617736682818963
Count_Loss	AC0548:NR2E:Nuclear_receptor	-0.23591557321776527	0.7898473553885849	0.0633528313539278	-3.7238363018030887	1.962181814684646e-4	5.207647094669376e-4	-0.10245683164351804	3.2833584541692686
Count_Loss	AC0549:ZNF:C2H2_ZF	-0.08607977351434716	0.9175210344232037	0.06475357287047166	-1.3293439990799407	0.18373450441071368	0.2512369636398672	-0.03738397064076265	0.5999164639641086
Count_Loss	AC0550:HES/EGR:bHLH	-0.1650603689981926	0.8478425191394338	0.07232035613293622	-2.2823500577732996	0.02246868137171866	0.04003626227425223	-0.07168480743682962	1.3975464743854755
Count_Loss	AC0551:CREB3L/XBP:bZIP	0.14564692138025617	1.1567876789401068	0.05915483154686257	2.4621306082982315	0.01381143612904238	0.02554727683885782	0.063253654261642	1.5926553858183667
Count_Loss	AC0552:HES/MAX:bHLH	-0.8258185677560602	0.4378764142108608	0.09173134145762078	-9.002578122522959	2.2047820499422847e-19	3.08179535425266e-18	-0.3586484470297036	17.511196203862134
Count_Loss	AC0553:ZBTB:C2H2_ZF	0.5044675596499332	1.6561035093402727	0.06320067577353444	7.98199629158366	1.4398535643971528e-15	1.4375680825489032e-14	0.2190874774551655	13.842371578168676
Count_Loss	AC0554:HIF1A/TCFL:bHLH	0.2427942315254309	1.2748062821844792	0.1157099755733882	2.0982999116739114	0.03587866033170027	0.06050315643066882	0.10544419498943518	1.2182219677497836
Count_Loss	AC0555:SREBF:bHLH	0.9691506303628457	2.635704820701058	0.06812309860334671	14.226461365267872	6.277905599455601e-46	2.6325350813717145e-44	0.42089677089964195	43.57962583266113
Count_Loss	AC0556:USF/BHLHE:bHLH	1.41362782186792	4.110841786901925	0.06077280675702692	23.260861186149967	1.1044983470186767e-119	1.1578824337912459e-117	0.6139307625021507	116.93633553469128
Count_Loss	AC0557:PBX/HOXA:Homeodomain	0.25621307269088894	1.2920279944942603	0.05787175821047818	4.427255722196104	9.543956028727034e-6	3.143009603177646e-5	0.1112719236611298	4.502654292033426
Count_Loss	AC0558:HOXB/PBX:Homeodomain	0.5261549892234255	1.6924124381019778	0.06578646835126668	7.99792118971978	1.265373163146865e-15	1.2837414832570614e-14	0.2285062084455986	13.891522424630676
Count_Loss	AC0559:MEIS/PBX:Homeodomain	1.0998617693728423	3.0037507848928966	0.05300237114126564	20.75118047910373	1.196181930254283e-95	9.4049804266243e-94	0.4776638972949725	93.02664210395388
Count_Loss	AC0560:PAX:Homeodomain,Paired_box	-0.06928199652469234	0.93306352230455	0.06917071328283862	-1.001608820215554	0.3165325593697146	0.39192712567628046	-0.03008878878591415	0.4067946775174427
Count_Loss	AC0561:PAX:Homeodomain,Paired_box	0.08924599472065678	1.0933495814727656	0.06483196462160905	1.376573966893336	0.16864400420696474	0.23416573652578548	0.03875904303914798	0.6304766512209266
Count_Loss	AC0562:PAX:Homeodomain,Paired_box	-0.4835783103808768	0.6165731495964325	0.06609076595985713	-7.316881615119992	2.5379956444841897e-13	1.9708632844204387e-12	-0.2100153917665128	11.705343500977335
Count_Loss	AC0563:SPDEF:Ets	0.17882388544025515	1.1958101260480818	0.1408167101361696	1.2699052922578056	0.20411836780345943	0.27551599430981977	0.07766222667920206	0.5598531843299079
Count_Loss	AC0564:PITX/OTX:Homeodomain	-0.17383028177875806	0.8404395234559732	0.0673152208661166	-2.5823324879894476	0.00981349897729878	0.01870512380824525	-0.075493532164202	1.7280394128835908
Count_Loss	AC0565:ZNF:C2H2_ZF	4.4778752961527346e-4	1.0004478878014174	0.2665723948216884	0.00167979707694339	0.9986597164773422	0.9986597164773422	1.944716531770022e-4	5.824681615678673e-4
Count_Loss	AC0566:ZSCAN:C2H2_ZF,MADF	0.1733941133088311	1.189334745381087	0.09202156557559692	1.8842769325238828	0.05952752595806628	0.09479193374081948	0.07530410660453253	1.0232286171017635
Count_Loss	AC0567:HMX/ISL:Homeodomain	0.47681452442824174	1.6109346273224274	0.07094822338865449	6.720598510497592	1.8097962937141428e-11	1.2790582794901075e-10	0.20707791685050864	9.893109666714212
Count_Loss	AC0568:ZNF:C2H2_ZF	0.12486169561479304	1.1329917445036672	0.05303907523759733	2.354145411763956	0.01856534695242999	0.03365303525382843	0.05422674540658806	1.4729757595368418
Count_Loss	AC0569:CUX:CUT,Homeodomain	0.39344681578345697	1.4820804583479488	0.09775806097645968	4.02469946573715	5.704812291496499e-5	1.6612624682181936e-4	0.1708717810171606	3.7795617465409856
Count_Loss	AC0570:TLX:Homeodomain	-0.11401398276831344	0.8922454797333612	0.05548658189417434	-2.0548027807112765	0.03989805753061324	0.0667443568796695	-0.04951564357609096	1.1755854472610916
Count_Loss	AC0571:BARHL/MSX:Homeodomain	-0.15177615651332987	0.8591805811946924	0.06819210834878374	-2.225714385263422	0.02603331858498787	0.04535999276996502	-0.06591554725822345	1.343327023338354
Count_Loss	AC0572:BARHL:Homeodomain	-0.7769636442734202	0.4598000102901566	0.2275047819597464	-3.4151530248313304	6.374618800369379e-4	0.00156016934841725	-0.33743102334738745	2.806828258638226
Count_Loss	AC0573:ZNF354A/ZNF354B:C2H2_ZF	-0.27074335339325667	0.7628122444590767	0.05466940371290343	-4.952374363091033	7.331338967326883e-7	2.8465507471904996e-6	-0.11758234439067342	5.545681069351695
Count_Loss	AC0574:HOXD/FOXC:Homeodomain	1.1544745381518045	3.1723560274297165	0.0760922272080144	15.172042934106804	5.4164337072069954e-52	2.620720616794769e-50	0.5013819214171338	49.58157927476176
Count_Loss	AC0575:ZNF:C2H2_ZF	0.00164757027505204	1.0016489282646497	0.05259836150368949	0.03132360453731001	0.9750114659436266	0.982824057818175	7.155306790029239e-4	0.00752422129065186
Count_Loss	AC0577:POU2F:Homeodomain,POU	-0.04910337118386927	0.9520827066950088	0.07165864920671573	-0.6852399776922864	0.4931925005965466	0.5766135369428026	-0.02132532314800156	0.2391151660571577
Count_Loss	AC0578:LCORL:Pipsqueak	-0.3734655568576063	0.6883446946423787	0.06134551733443405	-6.0879029648018825	1.1439916771268123e-9	6.986123931191894e-9	-0.16219403052418355	8.155763714410456
Count_Loss	AC0579:POU3F:Homeodomain,POU	0.0531909034536176	1.0546309585953135	0.09659291947380642	0.5506708332595915	0.5818593421943759	0.6582545435975943	0.02310051585735474	0.18160613449678528
Count_Loss	AC0580:VENTX:Homeodomain	-0.3625984615265971	0.6958657942970227	0.11968475088539277	-3.0296128691767312	0.00244867388823484	0.00532946669792289	-0.15747451098760964	2.273316247209285
Count_Loss	AC0581:ZSCAN:C2H2_ZF	0.2520779049237986	1.286696273355476	0.11596030357346454	2.1738292946439146	0.02971795762094719	0.05093350229857162	0.10947604311813829	1.2929964597624082
Count_Loss	AC0582:TBP/HOXD:TBP	-0.47501859309712013	0.6218734938032608	0.07796570469005829	-6.092660804971748	1.1104920058321411e-9	6.84803403596487e-9	-0.20629795378352536	8.164434089803597
Count_Loss	AC0583:WT/FOXC:C2H2_ZF	0.22870960531248127	1.2569769665714303	0.10173769459428168	2.2480321204893534	0.02457414181397056	0.04305608691082864	0.09932731954548124	1.3659654429346686
Count_Loss	AC0584:DMRT/HOXB:DM	0.6472529542380325	1.9102859716690204	0.0794444683546171	8.147237531364459	3.7233187772877384e-16	3.903279184856646e-15	0.2810983864211555	14.40857038438199
Count_Loss	AC0585:HESX/HOXB:Homeodomain	-0.33959346046172123	0.7120597443676628	0.1255618468622463	-2.7045911552598345	0.00683885031823726	0.01348475501621077	-0.14748356596895565	1.870156939168396
Count_Loss	AC0586:ZNF:C2H2_ZF	-0.46359025437944024	0.6290212403691385	0.03818087246533288	-12.141950260575284	6.329907695853158e-34	1.7310921481267988e-32	-0.2013346893411157	31.76167981348923
Count_Loss	AC0587:POU5F/NANOG:Homeodomain,POU	0.10737251744340004	1.1133489191325896	0.04764195484722317	2.2537387012711605	0.0242126111328853	0.04254115196252753	0.04663129183372928	1.371190754108998
Count_Loss	AC0588:POU2F/POU3F:Homeodomain,POU	-0.17645331842772743	0.8382379085053749	0.05835617437974715	-3.0237300560429916	0.00249679113599943	0.0054154538777367	-0.0766327025066794	2.2663651386072754
Count_Loss	AC0589:POU2F:Homeodomain,POU	0.03340670358877781	1.0339709734450526	0.09686828459115204	0.34486729820576567	0.7301941363379161	0.7837749347381386	0.01450834702718376	0.10580862945063806
Count_Loss	AC0590:HOXC/CDX:Homeodomain	-0.03331833167372756	0.967230610437547	0.07334608195555423	-0.45426191536608024	0.6496403240429479	0.7156283079212158	-0.01446996759212221	0.1453124884920036
Count_Loss	AC0591:HOXA/HOXD:Homeodomain	0.14020854763088142	1.1505137107485026	0.07290423965717358	1.9231878460045813	0.05445646308628885	0.0873803961257033	0.06089179855176104	1.058585990814169
Count_Loss	AC0592:CDX/HOXA:Homeodomain	-0.08233569313611236	0.9209627459265276	0.06766229224629926	-1.2168623084243153	0.22365660839579796	0.29616843511780405	-0.03575793719269304	0.5284612293551204
Count_Loss	AC0593:ELK/ETV:Ets	-0.07101778169529435	0.931445329303306	0.08139350293028141	-0.8725239624608059	0.38292260157450136	0.4587777455054502	-0.03084263070727609	0.33839765711469505
Count_Loss	AC0594:HOXC/HOXD:Homeodomain	-0.2829018086943743	0.7535937805841636	0.10831293479001187	-2.6118931154699188	0.00900424002804773	0.01726727737085983	-0.12286269443641616	1.7627761346981223
Count_Loss	AC0595:NKX:Homeodomain	-0.8165669618193654	0.4419462715734145	0.11870103396921491	-6.879189965869562	6.019384761751336e-12	4.351945994415621e-11	-0.3546305256226537	10.361316502664843
Count_Loss	AC0596:HOXB/LHX:Homeodomain	-0.5069763108595017	0.6023140386159497	0.11362531974618492	-4.46182516354612	8.126451799075138e-6	2.7045175564117785e-5	-0.2201770142619492	4.567910194984346
Count_Loss	AC0597:NKX:Homeodomain	-0.2516023878009582	0.7775538415060197	0.11000232952267258	-2.28724599645047	0.0221814686450546	0.03963677209585041	-0.1092695286556382	1.4019017204339994
Count_Loss	AC0598:PAX:Homeodomain,Paired_box	0.23486487428721456	1.2647378585813462	0.08270601986568574	2.839755493839919	0.00451481244129829	0.0091903463610894	0.1020005188958382	2.0366681208363793
Count_Loss	AC0599:CUX:CUT,Homeodomain	-0.07194647223786627	0.9305807063807672	0.17689616979990164	-0.4067158283825446	0.6842167137601978	0.7433027857602148	-0.03124595588531081	0.1288342395392784
Count_Loss	AC0600:HOMEZ:Homeodomain	-0.7167886824290896	0.4883178845520501	0.12437077147435652	-5.763321027375641	8.247470490532157e-9	4.3963211343599384e-8	-0.3112973694696559	7.356910591547321
Count_Loss	AC0601:ONECUT/CUX:CUT,Homeodomain	0.16700916748069067	1.1817650990674289	0.0836196487076369	1.9972478964198024	0.04579826034993847	0.07470929337391871	0.07253115986411995	1.126625371277369
Count_Loss	AC0602:ZZZ:Myb/SANT	-1.1718810750333204	0.30978366652486894	0.13896238523718937	-8.433081175406446	3.366809902074818e-17	3.9217100526019654e-16	-0.5089414843338216	15.406524518574882
Count_Loss	AC0603:ZNF:C2H2_ZF	0.11392009796931143	1.120662578091009	0.03920063124479219	2.906078151087063	0.00365990026572772	0.00759761474304534	0.04947486992594979	2.1193227322621517
Count_Loss	AC0604:ZNF:C2H2_ZF	0.3524925011665986	1.4226089878008357	0.04470513257556578	7.88483292317219	3.1495662913372185e-15	3.0478110726940164e-14	0.1530855481689293	13.516011957486464
Count_Loss	AC0605:SCRT:C2H2_ZF	1.0899297415036524	2.9740651118797192	0.04615791056389434	23.613064980376684	2.8296995459361064e-123	3.559762028787622e-121	0.47335047239727385	120.4485790337796
Count_Loss	AC0606:SNAI/ZEB:C2H2_ZF	2.016136502135662	7.509256819835248	0.04606788889758867	43.76446480145072	0	9.947254854797038e-253	0.8755969576412416	252.00229675502356
Count_Loss	AC0607:OLIG/NEUROG:bHLH	0.10851901989003526	1.1146261084027431	0.05811359717617989	1.8673602248548469	0.06185130036310599	0.09799614087756592	0.04712921151979154	1.008791026639937
Count_Loss	AC0608:TFAP/MYOD:bHLH	1.7158246447033096	5.561259685287875	0.06082666007343262	28.20843101745009	4.608654626739941e-175	9.662812534064742e-173	0.745173175108255	172.01489644602322
Count_Loss	AC0609:ZBTB/OLIG:bHLH	1.041611153891424	2.8337789923914127	0.0497997688754655	20.915983696554612	3.8304761781075274e-97	3.441956451470907e-95	0.4523659764239243	94.46319462878054
Count_Loss	AC0610:TCF/ASCL:bHLH	1.8235820337201036	6.194005897738167	0.07019129611057719	25.98017325178451	8.29685582157535e-149	1.3046805779427236e-146	0.7919716145425506	145.88449580266834
Count_Loss	AC0611:NHLH/TFAP:bHLH	1.067557745366199	2.908268088357611	0.05234478352473782	20.394730352866542	1.862384555903419e-92	1.301599872959167e-90	0.46363443792561704	89.8855225024599
Count_Loss	AC0612:MEIS/TGIF:Homeodomain	-0.2383092924841685	0.7879589436219874	0.06688565646618799	-3.562935688679956	3.667305463266852e-4	9.339008649371864e-4	-0.10349641071214244	3.029699222373522
Count_Loss	AC0613:MEIS/PKNOX:Homeodomain	0.8317187052163402	2.2972636682588745	0.05874270206182375	14.158672924868146	1.6508220476485804e-45	6.489794174818482e-44	0.36121084417117383	43.18776907672167
Count_Loss	AC0614:LHX:Homeodomain	0.25444364630486604	1.2897438674625836	0.07371640856528003	3.451655489693884	5.571586257513939e-4	0.00136895615467822	0.11050347154554604	2.863610461351939
Count_Loss	AC0615:ZNF:C2H2_ZF	0.2623201571674366	1.2999426617744556	0.05908980172218486	4.4393473919705215	9.023206975255602e-6	2.9871564144398808e-5	0.11392419674981148	4.524742036133865
Count_Loss	AC0616:ZNF:C2H2_ZF	-0.08787702436893806	0.9158734999198548	0.03739114887529692	-2.3502092610744967	0.01876285928086655	0.03391332898754329	-0.03816450676950739	1.4696295770765604
Count_Loss	AC0617:ERG/FLI:Ets	0.06313643802279365	1.0651721593008383	0.09627111085043236	0.6558191493280157	0.5119404938548928	0.5897629498804534	0.02741980664032593	0.2293225141984062
Count_Loss	AC0618:ZNF:C2H2_ZF	-0.31804727041539976	0.7275683951414397	0.2809256814497472	-1.1321402471076427	0.2575754765418042	0.3306428056016221	-0.13812617452579945	0.48064092259407926
Count_Loss	AC0619:SPDEF:Ets	-0.2203990936606743	0.8021985817000301	0.05563486258210597	-3.961528499066735	7.447149111508893e-5	2.0911860674728097e-4	-0.09571811019330882	3.679607323240881
Count_Loss	AC0620:ZNF:C2H2_ZF	-0.00948034542786566	0.9905644513720364	0.04103719063629325	-0.23101838310250344	0.8173005206305217	0.8625537373768425	-0.00411726170585877	0.06421383872513248
Count_Loss	AC0621:FOXO1::ELK/ERF::FOXO:['Tryptophan_cluster_factors',_'Fork_head/winged_helix_factors']	-0.13451160893833777	0.8741427309486068	0.04656855299903569	-2.888464430945989	0.00387127809473329	0.00798371777569587	-0.05841764951384821	2.0977948237527886
Count_Loss	AC0622:ELF/SPIB:Ets	-0.4967676274887125	0.6084943647476592	0.05355948252260899	-9.275063986643495	1.775124629633811e-20	2.7913834800991676e-19	-0.21574343940651797	18.55418049606221
Count_Loss	AC0623:ZNF:C2H2_ZF	0.455286791256048	1.5766254806039772	0.05231742128295544	8.702393583079303	3.249563088877662e-18	4.0077944762824503e-17	0.1977285411259393	16.397094557626094
Count_Loss	AC0624:ZBTB:C2H2_ZF	0.09370883242467393	1.09823992750224	0.0903735428157236	1.0369055976454429	0.29977985493481873	0.3748738146202803	0.0406972288276324	0.426114894502667
Count_Loss	AC0625:ELF:Ets	0.4021809117682992	1.495081786100877	0.07903251562795881	5.0888031156890365	3.603304713917626e-7	1.462244300034959e-6	0.17466495070779092	5.834980062881849
Count_Loss	AC0626:ELF/ETV:Ets	0.00311735660303634	1.003122220612102	0.06289028647067718	0.04956817305149068	0.96046650966672	0.9728396692115407	0.00135385077082335	0.01195872860545242
Count_Loss	AC0627:ELF:Ets	1.1568539360833685	3.179913312127871	0.17859307264602237	6.477596913158512	9.31949152823186e-11	6.170484390797726e-10	0.502415280809064	9.209680741964611
Count_Loss	AC0628:SMAD:SMAD	-0.25780038853828535	0.7727494663634733	0.04741258570541602	-5.437383021884764	5.4068825103309624e-8	2.464441376085634e-7	-0.11196128617469164	6.608281508345263
Count_Loss	AC0629:SMAD:SMAD	0.21515373113281405	1.2400525169917562	0.03865275661024313	5.5663230776093595	2.6017067517641215e-8	1.268584144852428e-7	0.093440078191877	6.896680720848164
Count_Loss	AC0630:ZNF:C2H2_ZF	0.2839146486938116	1.328319552105548	0.04909960784426913	5.782421920645746	7.363274792030636e-9	3.992672279471785e-8	0.12330256525922266	7.398736335450039
Count_Loss	AC0631:T/TBX:T-box	0.34026667038307007	1.405322298435288	0.05544970979291546	6.136491456021006	8.436389919133731e-10	5.253949761519918e-9	0.14777593732295996	8.279514084271492
Count_Loss	AC0632:TBX/MGA:T-box	-0.08250595853498652	0.9208059511859824	0.05953323521364517	-1.3858806469848282	0.16578335121259594	0.23070293786000629	-0.03583188251588314	0.6369468749706039
Count_Loss	AC0633:TBX/MGA::EVX:T-box	0.29241722000920795	1.3396618347793836	0.05270434839540054	5.548256053094984	2.8853310754002663e-8	1.3960563434052057e-7	0.12699518506348817	6.855097053678344
Count_Loss	AC0634:ZNF:C2H2_ZF	-0.04215906853204122	0.9587172666944712	0.04720284385188832	-0.8931467914163538	0.3717785679859287	0.44798605222825505	-0.01830945082564652	0.3487355072844454
Count_Loss	AC0635:TBX/EOMES:T-box	0.7944804838650699	2.2132908577601476	0.05129972882246839	15.487030869393234	4.2444465027444737e-54	2.224797375188562e-52	0.3450384901224253	51.652709536523346
Count_Loss	AC0636:SREBF:bHLH	-0.00476582879166338	0.9952455097507036	0.05019715496554191	-0.0949422092733127	0.9243607297721304	0.942338572166402	-0.00206977314591505	0.02579303180852738
Count_Loss	AC0637:AHR:bHLH	-2.8875135088190587	0.05571457432030934	1.5335049574221062	-1.8829502277404464	0.05970711341508906	0.09483781398507832	-1.2540311833012137	1.0230184650814422
